,Unnamed: 0,bb_width,d_to_ubb,d_to_lbb,MACD,MACD_Oscillator,RSI,d_to_sup2,d_to_res2,fast_k,slow_k,Momentum,ten_to_sen,cloud_thickness,d_to_cloud,volume,return_next_tick,close
0,19634,16.329931618526302,13.164965809263094,3.164965809263208,-0.885467556620597,-0.592100148891362,43.56965636492129,6.666666666666629,3.333333333333485,50.0,46.6666666666667,-0.0053257351906571,0.0,-6.25,-18.75,58189.14270145,-0.4878048780487809,1025.0
1,19635,18.973665960984363,17.98683298049218,0.9868329804921814,-1.5075699748133502,-0.971362053667292,38.20164739820456,3.3333333333333712,6.666666666666515,0.0,36.6666666666667,-0.0082501964741048,0.0,-6.25,-23.75,77092.32593056,0.4901960784313708,1020.0
2,19636,19.32183566156016,12.660917830780136,6.660917830780022,-1.578931470835414,-0.8341788397514847,45.44071234053919,6.666666666666629,3.333333333333485,50.0,36.6666666666667,-0.0033886778293701,0.0,-7.5,-20.0,23529.56847399,0.0,1025.0
3,19637,16.86548085420054,10.43274042710027,6.432740427100271,-1.6168479538059728,-0.6976762581776346,45.44071234053919,6.666666666666629,3.333333333333485,100.0,50.00000000000004,-0.0033886778293701,-2.5,-7.5,-20.0,38670.35307325,-0.4878048780487809,1025.0
4,19638,14.757295747415355,12.878647873707678,1.8786478737076775,-2.026989381161229,-0.8862541484263124,40.00574097626978,3.3333333333333712,6.666666666666515,0.0,40.00000000000004,-0.0034051622069618,-2.5,-7.5,-25.0,29322.76217968,0.0,1020.0
5,19639,14.757295747413878,11.878647873706996,2.878647873706882,-2.3252256632072204,-0.9475923443778428,40.00574097626978,3.3333333333333712,6.666666666666515,0.0,30.00000000000004,-0.0068009897490279,-2.5,-7.5,-25.0,27453.67070794,0.4901960784313708,1020.0
6,19640,12.649110640627782,5.324555320313948,7.324555320313834,-2.1335278709273098,-0.6047156416783455,47.31404126244353,10.0,10.0,50.0,40.00000000000004,-0.0019323671497584,-2.5,-7.5,-20.0,201984.53294589,0.0,1025.0
7,19641,9.660917830732046,3.33045891536608,6.330458915365966,-1.9590235849996132,-0.3441690846005187,47.31404126244353,3.333333333333257,6.66666666666697,50.0,40.00000000000004,0.0029506948410431,-2.5,-7.5,-20.0,104366.64935375,0.0,1025.0
8,19642,9.660917830732046,3.33045891536608,6.330458915365966,-1.7999786477626003,-0.1480993178908045,47.31404126244353,3.333333333333257,6.66666666666697,50.0,30.00000000000003,0.001480106605749,-2.5,-7.5,-20.0,196659.07527819,0.4878048780487809,1025.0
9,19643,12.649110640627782,0.3245553203139479,12.324555320313834,-1.255997814910188,0.3167052119692863,54.27145906767682,6.666666666666743,3.33333333333303,100.0,50.00000000000003,0.0039024390243902,-2.5,-8.75,-16.25,36312.64605257,-0.9708737864077666,1030.0
10,19644,13.498971154167409,10.24948557708376,3.2494855770836466,-1.613209438004105,-0.0324051288997044,42.25350335514391,6.666666666666629,13.333333333333483,0.0,50.00000000000003,-0.0034146341463414,-2.5,-8.75,-26.25,223440.46545214,0.0,1020.0
11,19645,13.498971154167409,10.24948557708376,3.2494855770836466,-1.8746919411346423,-0.2351101056241931,42.25350335514391,3.3333333333333712,6.666666666666515,0.0,40.00000000000003,-0.0034146341463414,-2.5,-7.5,-25.0,193315.02478417,0.0,1020.0
12,19646,13.984117975559116,9.9920589877795,3.992058987779615,-2.0581931394148114,-0.3348890431234892,42.25350335514391,3.3333333333333712,6.666666666666515,0.0,30.00000000000003,-0.0072933933222827,-2.5,-7.5,-25.0,184920.89957545,0.0,1020.0
13,19647,14.142135623687864,9.571067811843932,4.571067811843932,-2.178506692034034,-0.3641620765941695,42.25350335514392,10.0,10.0,33.33333333333333,26.666666666666696,-0.0014634146341463,-2.5,-8.75,-26.25,357624.21194862,0.0,1020.0
14,19648,14.142135623687864,9.571067811843932,4.571067811843932,-2.247943159846386,-0.3468788355252172,42.25350335514392,3.3333333333333712,6.666666666666515,33.33333333333333,13.33333333333336,-0.0024390243902439,-2.5,-8.75,-26.25,34349.10566408,0.0,1020.0
15,19649,14.142135623687864,9.571067811843932,4.571067811843932,-2.27672736500017,-0.3005304325432008,42.25350335514391,10.0,10.0,50.0,23.33333333333336,-0.0038882311153208,-2.5,-8.75,-26.25,142663.91013608,0.0,1020.0
16,19650,13.984117975557638,8.992058987778819,4.992058987778819,-2.273333481687814,-0.2377092393846758,42.25350335514391,6.666666666666629,3.333333333333485,50.0,33.33333333333336,0.0,-2.5,-8.75,-26.25,44902.17289136,0.0,1020.0
17,19651,13.498971154164336,8.249485577082169,5.249485577082169,-2.2447675220364545,-0.1673146237866527,42.25350335514391,10.0,10.0,50.0,43.33333333333336,0.0,-2.5,-8.75,-26.25,203518.15489775,0.4901960784313708,1020.0
18,19652,13.498971154164336,3.2494855770821687,10.249485577082169,-1.7979449892949333,0.2236063271638948,51.89042066445214,6.666666666666629,3.333333333333485,100.0,56.6666666666667,0.0039215686274509,-2.5,-8.75,-21.25,33253.73819158,-0.4878048780487809,1025.0
19,19653,6.324555320233912,3.662277660116956,2.662277660116956,-1.8262413526534829,0.1562479710442761,43.98535818073599,3.3333333333333712,6.666666666666515,50.0,60.00000000000002,-0.0009756097560975,-5.0,-8.75,-26.25,29059.48404475,0.0,1020.0
20,19654,6.324555320233912,3.662277660116956,2.662277660116956,-1.827599000838632,0.1239122582873022,43.98535818073599,10.0,10.0,50.0,60.00000000000002,-0.0009756097560975,-2.5,-8.75,-26.25,205778.24143982,0.0,1020.0
21,19655,6.324555320233912,3.662277660116956,2.662277660116956,-1.8078353462733503,0.1149407302820668,43.98535818073599,6.666666666666629,3.333333333333485,50.0,60.00000000000002,-0.0043807719630594,-2.5,-8.75,-26.25,85929.69957957,0.0,1020.0
22,19656,6.324555320233912,3.662277660116956,2.662277660116956,-1.7717488893202926,0.1208217497880996,43.98535818073599,6.666666666666629,3.333333333333485,50.0,60.00000000000002,0.0,-2.5,-8.75,-26.25,59482.71665673,0.0,1020.0
23,19657,6.324555320233912,3.662277660116956,2.662277660116956,-1.7232851536525686,0.1354283883646589,43.98535818073599,6.666666666666629,3.333333333333485,50.0,50.00000000000003,0.0,-2.5,-6.25,-21.25,106116.88254456,-0.9803921568627416,1020.0
24,19658,14.757295747407056,16.878647873703585,-2.1213521262965287,-2.4633972108513262,-0.4837469350672787,30.517027793916498,6.666666666666629,13.333333333333483,0.0,40.00000000000003,-0.0112529890004782,-2.5,-7.5,-32.5,575190.0423265,0.4950495049504955,1010.0
25,19659,15.776212754889116,11.8881063774445,3.888106377444615,-2.6163237831767674,-0.5093388059141759,40.35167079276721,10.0,10.0,50.0,40.00000000000003,-0.0049019607843137,-2.5,-7.5,-27.5,209955.52467531,0.4926108374384341,1015.0
26,19660,15.776212754889116,6.888106377444501,8.888106377444615,-2.3074619947346946,-0.1603816139776825,48.24116856619957,6.666666666666629,3.333333333333485,100.0,50.00000000000003,0.0,-2.5,-7.5,-22.5,103338.70385709,-0.9803921568627416,1020.0
27,19661,19.3218356615497,17.660917830774906,1.6609178307747925,-2.836901197582165,-0.5518566534601224,37.545198890395895,6.666666666666629,13.333333333333483,0.0,40.00000000000003,-0.0049019607843137,-2.5,-7.5,-32.5,307687.66912621,0.4950495049504955,1010.0
28,19662,16.865480854188718,10.43274042709436,6.432740427094359,-2.820514234598477,-0.4283757523811471,44.2062474991863,10.0,10.0,50.0,40.00000000000003,-0.0024509803921568,-2.5,-5.0,-22.5,146024.43322434,0.0,1015.0
29,19663,16.465452046927,9.732726023463556,6.732726023463442,-2.775532833575994,-0.3067154810869312,44.2062474991863,3.3333333333333712,6.666666666666515,50.0,50.00000000000003,-0.0049019607843137,-5.0,-6.25,-23.75,98679.41937905,0.985221674876846,1015.0
30,19664,19.32183566154856,1.660917830774224,17.660917830774338,-1.9109401936458423,0.4463017270745761,55.27148245583791,13.333333333333371,6.666666666666515,100.0,60.00000000000002,0.0118811881188118,-2.5,-6.25,-13.75,192969.69576137,0.0,1025.0
31,19665,21.602468994659944,3.301234497329915,18.30123449733003,-1.2117757014652852,0.9163729754041068,55.27148245583791,6.666666666666629,3.333333333333485,100.0,60.00000000000002,0.0088621655558775,-2.5,-6.25,-13.75,51568.27067352,-0.9756097560975618,1025.0
32,19666,21.499353995429374,12.749676997714689,8.749676997714687,-1.4479086411930666,0.5441920285410604,44.935843434089136,3.3333333333333712,6.666666666666515,33.33333333333333,66.6666666666667,-0.0024509803921568,-2.5,-6.25,-23.75,122867.69905892,0.0,1015.0
33,19667,21.18699810939313,12.093499054696622,9.093499054696508,-1.6164126977753313,0.3005503775670368,44.935843434089136,10.0,10.0,33.33333333333333,63.33333333333336,-0.004373292422499,-2.5,-6.25,-23.75,291803.49702296,-0.492610837438423,1015.0
34,19668,21.18699810939313,17.093499054696622,4.093499054696508,-2.128871286860999,-0.1695265692149046,40.53984366919097,3.3333333333333712,6.666666666666515,0.0,53.33333333333336,-0.0107556899967724,-2.5,-6.25,-28.75,118672.84836214,0.4950495049504955,1010.0
35,19669,21.18699810939313,12.093499054696622,9.093499054696508,-2.1072491411374585,-0.1183235387930909,46.20711827318498,6.666666666666629,3.333333333333485,33.33333333333333,40.00000000000002,-0.0009803921568627,-2.5,-3.75,-18.75,53792.85708375,0.0,1015.0
36,19670,20.655911179736904,11.327955589868452,9.327955589868452,-2.0662944783497323,-0.0618951008042918,46.20711827318498,10.0,10.0,50.0,30.00000000000002,-0.0019367302583916,0.0,-3.75,-18.75,206985.20223033,0.0,1015.0
37,19671,18.97366596097163,10.986832980485817,7.986832980485815,-2.0106599764123985,-0.0050084790935662,46.20711827318498,10.0,10.0,50.0,33.33333333333336,-0.0004515817435402,0.0,-3.75,-18.75,65786.46235905,0.4926108374384341,1015.0
38,19672,19.32183566154856,6.660917830774224,12.660917830774338,-1.5452977885533985,0.3682829670123471,51.92954797244342,13.333333333333371,6.666666666666515,100.0,46.6666666666667,0.0039408866995074,0.0,-3.75,-13.75,140275.11415676,0.0,1020.0
39,19673,19.436506316114446,7.218253158057223,12.218253158057223,-1.1630875526121829,0.6003945623628502,51.92954797244342,6.666666666666629,3.333333333333485,100.0,66.6666666666667,0.0059210847193094,0.0,-1.25,-6.25,137713.19975329,0.0,1020.0
40,19674,16.865480854188718,5.432740427094359,11.43274042709436,-0.8503805295514439,0.7304812683388711,51.92954797244342,10.0,10.0,66.66666666666666,73.33333333333334,0.006418572891772,0.0,-1.25,-6.25,60324.82342349,-0.4901960784313708,1020.0
41,19675,12.649110640614936,7.324555320307468,5.324555320307468,-0.9945516023153688,0.4690481564599573,45.83914270390099,10.0,10.0,33.33333333333333,70.00000000000003,-0.0024509803921568,0.0,-1.25,-11.25,272797.28488484,0.0,1015.0
42,19676,12.649110640614936,7.324555320307468,5.324555320307468,-1.0961722251096262,0.2939420269325599,45.83914270390099,6.666666666666629,3.333333333333485,33.33333333333333,66.66666666666669,-0.0044021999043519,0.0,-1.25,-11.25,123388.43191821,0.0,1015.0
43,19677,12.649110640614936,7.324555320307468,5.324555320307468,-1.1632975310013762,0.181453376832648,45.83914270390099,6.666666666666629,3.333333333333485,33.33333333333333,53.33333333333336,-0.0044021999043519,0.0,-1.25,-11.25,110158.15811846,0.985221674876846,1015.0
44,19678,14.1421356236807,-0.4289321881597061,14.571067811840408,-0.4049108329849105,0.7518720598792912,58.11111784706457,20.0,10.0,100.0,53.33333333333336,0.008367139959432,0.0,-1.25,-1.25,343088.06799497,-0.4878048780487809,1025.0
45,19679,13.98411797555184,4.992058987775863,8.992058987775977,-0.204979250972201,0.7614429135136005,51.792131599665815,3.3333333333333712,6.666666666666515,66.66666666666666,53.33333333333336,0.003448275862069,0.0,-2.5,-7.5,103763.3419227,0.0,1020.0
46,19680,13.498971154159904,5.249485577079895,8.249485577080009,-0.0460017522332236,0.7363363298020623,51.792131599665815,3.3333333333333712,6.666666666666515,66.66666666666666,60.00000000000002,0.0044432522069941,0.0,-3.75,-8.75,67582.50823134,0.4901960784313708,1020.0
47,19681,14.757295747407056,1.878647873703585,12.878647873703471,0.4779379034993098,1.0082207884276766,57.19088838053513,6.666666666666629,3.333333333333485,100.0,73.33333333333334,0.0049261083743842,0.0,-3.75,-3.75,44612.01816952,0.0,1025.0
48,19682,16.329931618514024,3.1649658092569557,13.164965809257067,0.8829853499736373,1.1306145879216032,57.19088838053513,10.0,10.0,75.0,81.66666666666669,0.007377088766541,0.0,-3.75,-3.75,157257.82346649,0.9756097560975618,1025.0
49,19683,25.03331114066623,-0.9833444296668858,26.016655570333118,1.987988502055032,1.788494192002398,66.01808895464032,13.333333333333258,6.66666666666697,100.0,81.66666666666669,0.017205157925239,0.0,-3.75,6.25,191059.67743548,-0.4830917874396156,1035.0
50,19684,27.08012801543066,6.040064007715273,21.040064007715387,2.432216173890083,1.7861774910699593,59.42060234969993,10.0,10.0,66.66666666666666,81.6666666666667,0.0058632233381157,0.0,-3.75,3.75,175174.9250536,-0.4854368932038833,1030.0
51,19685,25.033311140667934,11.016655570334024,14.01665557033391,2.353679835027151,1.3661129217656216,53.64701411857021,3.333333333333257,6.66666666666697,33.33333333333333,75.00000000000003,0.0024509803921568,0.0,-3.75,-1.25,34957.31387657,0.0,1025.0
52,19686,22.010098692266297,10.505049346133092,11.505049346133204,2.2653259531824688,1.0222072319367512,53.64701411857021,3.333333333333257,6.66666666666697,33.33333333333333,61.666666666666686,-0.0023799374822393,0.0,-3.75,-1.25,18622.78209898,-0.4878048780487809,1025.0
53,19687,18.8561808316116,14.428090415805856,4.428090415805741,1.7714267471427547,0.4226464207176297,48.21388246693941,6.666666666666629,13.333333333333483,0.0,46.666666666666686,-0.0053325618913083,5.0,-3.75,-6.25,132726.15613433,0.4901960784313708,1020.0
54,19688,18.8561808316116,9.428090415805856,9.42809041580574,1.763141879195473,0.3314892422162783,53.30654995352021,6.666666666666629,3.333333333333485,33.33333333333333,33.33333333333336,0.0019704433497536,5.0,-3.75,-1.25,68591.77890868,-0.4878048780487809,1025.0
55,19689,18.8561808316116,14.428090415805856,4.428090415805741,1.3376977019809146,-0.0751639479986241,48.20174224273688,3.3333333333333712,6.666666666666515,0.0,20.000000000000025,-0.0058016288023235,5.0,-5.0,-7.5,22362.39716085,0.0,1020.0
56,19690,18.8561808316116,14.428090415805856,4.428090415805741,0.9891280736562748,-0.3389868610586113,48.20174224273688,3.3333333333333712,6.666666666666515,0.0,13.33333333333336,-0.0038882311153208,5.0,-3.75,-6.25,20711.11581431,0.4901960784313708,1020.0
57,19691,18.8561808316116,9.428090415805856,9.42809041580574,1.1036204950697766,-0.1795955517160878,53.379536245734535,6.666666666666629,3.333333333333485,50.0,16.666666666666693,0.0009803921568627,5.0,-3.75,-1.25,9515.08458205,-0.4878048780487809,1025.0
58,19692,19.888578520206465,14.444289260103233,5.444289260103233,0.7818852640396017,-0.4010646261970103,48.19169690857227,3.3333333333333712,6.666666666666515,0.0,16.666666666666693,-0.0014634146341463,5.0,-3.75,-6.25,59132.85278452,0.4901960784313708,1020.0
59,19693,13.498971154167409,5.24948557708376,8.249485577083647,0.9197635273175138,-0.2105490903352787,53.10038751210281,6.666666666666629,3.333333333333485,100.0,30.00000000000003,0.0039215686274509,2.5,-3.75,-1.25,8509.49758984,-0.4878048780487809,1025.0
60,19694,10.540925533836685,7.770462766918399,2.770462766918285,0.6184457731642397,-0.4094934755908421,48.18392071709157,3.3333333333333712,6.666666666666515,0.0,30.00000000000003,-0.0048780487804878,2.5,-3.75,-6.25,35692.47918149,0.0,1020.0
61,19695,10.327955589826274,7.16397779491308,3.163977794913194,0.3753227945749131,-0.5220931633441349,48.18392071709157,3.3333333333333712,6.666666666666515,0.0,30.00000000000003,-0.0028985507246376,2.5,-3.75,-6.25,101549.05097263,0.4901960784313708,1020.0
62,19696,10.327955589826274,2.1639777949130803,8.163977794913194,0.5794250444599811,-0.2543927307672535,53.20841695164937,6.666666666666629,3.333333333333485,100.0,40.00000000000003,0.0004997144488863,0.0,-5.0,-2.5,115069.4158427,0.0,1025.0
63,19697,10.540925533836685,2.770462766918399,7.770462766918285,0.7327310801880458,-0.080869356031351,53.20841695164937,6.666666666666629,3.333333333333485,100.0,60.00000000000002,0.0024509803921568,0.0,-5.0,-2.5,8252.332877,0.0,1025.0
64,19698,10.540925533836685,2.770462766918399,7.770462766918285,0.8444924349016674,0.0247135989458162,53.20841695164937,10.0,10.0,50.0,50.00000000000003,0.0039215686274509,2.5,-5.0,-2.5,61275.63209635,0.0,1025.0
65,19699,10.32795558982832,3.163977794914217,7.163977794914104,0.9224309044360552,0.0821216547841632,53.20841695164937,3.333333333333257,6.66666666666697,50.0,60.00000000000002,0.0009803921568627,2.5,-5.0,-2.5,12936.09710494,0.0,1025.0
66,19700,9.660917830731703,3.3304589153658526,6.330458915365853,0.9729817748185496,0.1061380201333261,53.20841695164937,6.666666666666629,3.333333333333485,50.0,70.00000000000003,0.0014705882352941,2.5,-5.0,-2.5,36115.0440938,0.0,1025.0
67,19701,9.660917830731703,3.3304589153658526,6.330458915365853,1.0014990462028663,0.1077242332141144,53.20841695164937,10.0,10.0,50.0,60.00000000000002,0.0024509803921568,2.5,-5.0,-2.5,43628.1023063,-0.4878048780487809,1025.0
68,19702,9.660917830731703,8.330458915365853,1.3304589153658526,0.6135681443394105,-0.2241653349194731,46.21738277663808,3.3333333333333712,6.666666666666515,0.0,40.00000000000003,-0.0039024390243902,2.5,-5.0,-7.5,25119.39117293,0.0,1020.0
69,19703,10.32795558982832,8.163977794914217,2.1639777949141035,0.3026414475024239,-0.4280736254051678,46.21738277663807,0.0,0.0,0.0,30.00000000000003,-0.0048780487804878,2.5,-5.0,-7.5,28143.66857681,0.0,1020.0
70,19704,10.32795558982832,8.163977794914217,2.1639777949141035,0.0555890047097591,-0.5401008545582662,46.21738277663807,0.0,0.0,0.0,20.00000000000003,-0.0039024390243902,-2.5,-5.0,-7.5,57818.26493813,0.4901960784313708,1020.0
71,19705,9.660917830731703,3.3304589153658526,6.330458915365853,0.260256304462473,-0.2683468438444418,53.79906986475787,6.666666666666629,3.333333333333485,50.0,20.00000000000003,0.0024509803921568,-2.5,-5.0,-2.5,70638.89925204,0.0,1025.0
72,19706,9.660917830731703,3.3304589153658526,6.330458915365853,0.417642293676522,-0.0887686837043142,53.79906986475786,6.666666666666629,3.333333333333485,100.0,30.00000000000003,0.0034313725490195,-2.5,-2.5,2.5,39322.58158953,0.0,1025.0
73,19707,9.660917830731703,3.3304589153658526,6.330458915365853,0.5361909485459364,0.02382397693208,53.79906986475786,6.666666666666629,3.333333333333485,100.0,50.00000000000003,0.0034313725490195,-2.5,-2.5,2.5,22167.48463653,0.0,1025.0
74,19708,9.660917830731703,3.3304589153658526,6.330458915365853,0.6229605106395866,0.0884748312205842,53.79906986475786,6.666666666666629,3.333333333333485,100.0,70.00000000000003,0.0014705882352941,-2.5,0.0,5.0,8389.76777334,0.0,1025.0
75,19709,9.660917830731703,3.3304589153658526,6.330458915365853,0.6838430962043276,0.1194859334282602,53.79906986475786,0.0,0.0,100.0,90.00000000000003,0.0014705882352941,-2.5,0.0,2.5,13093.36083322,0.0,1025.0
76,19710,9.660917830731703,3.3304589153658526,6.330458915365853,0.7237500439122186,0.1275143049089209,53.79906986475786,0.0,0.0,100.0,100.00000000000004,0.0014705882352941,-2.5,0.0,2.5,6227.32340626,-0.4878048780487809,1025.0
77,19711,10.32795558982832,8.163977794914217,2.1639777949141035,0.3479079084249861,-0.1986622644626493,44.10108872781754,0.0,0.0,0.0,80.00000000000003,-0.0048780487804878,-2.5,0.0,-2.5,6143.72239217,0.4901960784313708,1020.0
78,19712,9.660917830731703,3.3304589153658526,6.330458915365853,0.448340333232295,-0.0785838717242722,53.18856352665816,6.666666666666629,3.333333333333485,100.0,80.00000000000003,0.0,-2.5,0.0,2.5,2475.43262163,-0.4878048780487809,1025.0
79,19713,9.660917830731703,8.330458915365853,1.3304589153658526,0.1230570155374835,-0.323093751535267,45.26396688726791,3.3333333333333712,6.666666666666515,0.0,60.00000000000002,-0.0048780487804878,-2.5,2.5,0.0,49523.15081473,0.0,1020.0
80,19714,9.660917830731703,8.330458915365853,1.3304589153658526,-0.1331969457964987,-0.4634781702953994,45.26396688726791,3.3333333333333712,6.666666666666515,0.0,40.00000000000003,-0.0014634146341463,-2.5,2.5,0.0,14656.78068108,0.4901960784313708,1020.0
81,19715,9.660917830731703,3.3304589153658526,6.330458915365853,0.0664125938511688,-0.2110949045181855,53.3285126817496,6.666666666666629,3.333333333333485,100.0,40.00000000000003,0.0009803921568627,-2.5,2.5,5.0,16593.22210131,-0.4878048780487809,1025.0
82,19716,10.32795558982832,8.163977794914217,2.1639777949141035,-0.176815403220985,-0.3634583212722714,46.02567797707472,3.3333333333333712,6.666666666666515,0.0,40.00000000000003,-0.0014634146341463,-2.5,2.5,0.0,8449.57533674,0.4901960784313708,1020.0
83,19717,10.32795558982832,3.163977794914217,7.163977794914104,0.0334967404202188,-0.122516942104854,52.96250503831042,6.666666666666629,3.333333333333485,100.0,40.00000000000003,0.0039215686274509,-2.5,2.5,5.0,15855.51281583,-0.4878048780487809,1025.0
84,19718,10.540925533836685,7.770462766918399,2.770462766918285,-0.2009709161619639,-0.2855876789496295,46.52334410737957,3.3333333333333712,6.666666666666515,0.0,40.00000000000003,-0.0048780487804878,-2.5,2.5,0.0,5227.26049342,0.4901960784313708,1020.0
85,19719,10.540925533836685,2.770462766918399,7.770462766918285,0.0164800186088314,-0.0545093953430673,52.71452130808006,6.666666666666629,3.333333333333485,100.0,60.00000000000002,0.0039215686274509,-2.5,1.25,3.75,9221.04598032,0.0,1025.0
86,19720,10.540925533836685,2.770462766918399,7.770462766918285,0.1866597536159133,0.0925362717312116,52.71452130808006,0.0,0.0,100.0,60.00000000000002,0.0014705882352941,-2.5,1.25,3.75,487.09986469,-0.4878048780487809,1025.0
87,19721,10.540925533836685,7.770462766918399,2.770462766918285,-0.0809961207073683,-0.140095682073656,46.47441116084295,3.3333333333333712,6.666666666666515,0.0,60.00000000000002,-0.0024390243902439,-2.5,1.25,-1.25,4736.4459624,0.0,1020.0
88,19722,10.327955589826274,7.16397779491308,3.163977794913194,-0.2897749838301706,-0.2790996361571666,46.47441116084295,3.3333333333333712,6.666666666666515,0.0,40.00000000000003,-0.0034146341463414,-2.5,0.0,-2.5,4575.18492449,0.0,1020.0
89,19723,10.327955589826274,7.16397779491308,3.163977794913194,-0.4500458881705071,-0.3514964323980025,46.47441116084294,3.3333333333333712,6.666666666666515,0.0,40.00000000000003,-0.0039024390243902,-2.5,0.0,-2.5,2389.50136514,0.4901960784313708,1020.0
90,19724,10.540925533836685,2.770462766918399,7.770462766918285,-0.1716251335863035,-0.058460542251039,53.36875652731287,6.666666666666629,3.333333333333485,100.0,40.00000000000003,0.0039215686274509,-2.5,1.25,3.75,15662.54178288,-0.4878048780487809,1025.0
91,19725,10.327955589826274,7.16397779491308,3.163977794913194,-0.3503937716345717,-0.1897833442394458,46.86762159871024,3.3333333333333712,6.666666666666515,0.0,20.00000000000003,-0.0014634146341463,-2.5,1.25,-1.25,2993.08907532,0.4901960784313708,1020.0
92,19726,10.540925533836685,2.770462766918399,7.770462766918285,-0.0876011801154845,0.0584073978237131,53.02948543386241,0.0,0.0,100.0,40.00000000000003,0.0034313725490195,-2.5,1.25,3.75,46748.21642704,-0.4878048780487809,1025.0
93,19727,10.327955589826274,7.16397779491308,3.163977794913194,-0.2795716433968209,-0.1068504523660986,47.1418110160412,3.3333333333333712,6.666666666666515,0.0,40.00000000000003,-0.0034146341463414,0.0,1.25,-1.25,5186.1957692,0.0,1020.0
94,19728,10.327955589826274,7.16397779491308,3.163977794913194,-0.4267898508862799,-0.2032549278844461,47.1418110160412,3.3333333333333712,6.666666666666515,0.0,40.00000000000003,0.0,0.0,1.25,-1.25,4639.01377226,0.4901960784313708,1020.0
95,19729,10.327955589826274,2.1639777949130803,8.163977794913194,-0.1384076504762106,0.0681018180204985,53.17163622508432,0.0,0.0,100.0,40.00000000000003,0.0014705882352941,0.0,1.25,3.75,23147.5264111,0.0,1025.0
96,19730,10.327955589826274,2.1639777949130803,8.163977794913194,0.0891101150926942,0.2364956668715228,53.17163622508432,0.0,0.0,100.0,60.00000000000002,0.0034313725490195,0.0,3.75,6.25,2411.30321495,-0.4878048780487809,1025.0
97,19731,10.327955589826274,7.16397779491308,3.163977794913194,-0.1325111240211072,0.011899542206177,46.95894029534483,3.3333333333333712,6.666666666666515,0.0,40.00000000000003,-0.0009756097560975,0.0,3.75,1.25,48152.16796745,0.4901960784313708,1020.0
98,19732,10.540925533836685,2.770462766918399,7.770462766918285,0.0942244991691723,0.1909081323171652,52.88715697961944,0.0,0.0,100.0,60.00000000000002,0.0,0.0,3.75,6.25,3417.55878168,0.0,1025.0
99,19733,10.32795558982832,3.163977794914217,7.163977794914104,0.2707925857239388,0.2939809750975454,52.88715697961944,6.666666666666629,3.333333333333485,100.0,80.00000000000003,0.0024509803921568,0.0,3.75,6.25,7138.93280805,0.0,1025.0
100,19734,10.32795558982832,3.163977794914217,7.163977794914104,0.4060434502812313,0.3433854717238703,52.88715697961944,6.666666666666629,3.333333333333485,100.0,80.00000000000003,0.0049019607843137,0.0,3.75,6.25,18866.80787782,0.0,1025.0
101,19735,9.660917830731703,3.3304589153658526,6.330458915365853,0.5073819515695277,0.3557791784097333,52.88715697961944,0.0,0.0,100.0,80.00000000000003,0.0009803921568627,0.0,3.75,6.25,6465.89394388,0.0,1025.0
102,19736,9.660917830731703,3.3304589153658526,6.330458915365853,0.5809960827602936,0.3435146476803993,52.88715697961944,3.333333333333257,6.66666666666697,50.0,90.00000000000003,0.0,0.0,1.25,3.75,8132.37026524,0.0,1025.0
103,19737,8.432740427046724,3.216370213523305,5.216370213523419,0.6320499338897889,0.3156547990479156,52.88715697961944,3.333333333333257,6.66666666666697,50.0,80.00000000000003,0.0024509803921568,0.0,1.25,3.75,1076.06878847,0.0,1025.0
104,19738,6.324555320246418,2.662277660123209,3.662277660123209,0.66484654165356,0.2787611254493494,52.88715697961945,3.333333333333257,6.66666666666697,50.0,70.00000000000003,0.0,0.0,1.25,3.75,716.34583301,0.0,1025.0
105,19739,6.324555320246418,2.662277660123209,3.662277660123209,0.6829652908510297,0.2375038997174552,52.88715697961945,0.0,0.0,0.0,50.00000000000003,0.0009803921568627,0.0,1.25,3.75,2187.66002988,0.0,1025.0
106,19740,6.324555320246418,2.662277660123209,3.662277660123209,0.6893778118367209,0.195133136562517,52.88715697961945,3.333333333333257,6.66666666666697,0.0,30.00000000000003,0.0009803921568627,0.0,1.25,3.75,33746.07664288,0.4878048780487809,1025.0
107,19741,6.324555320249942,-1.337722339874972,7.662277660124914,1.0854061082004591,0.4729291463410042,61.31181663451531,0.0,0.0,100.0,40.00000000000003,0.0048780487804878,0.0,1.25,8.75,3050.40581963,0.0,1030.0
108,19742,8.432740427051613,0.2163702135258063,8.216370213525806,1.3833153875943935,0.6166707405879508,61.31181663451531,6.666666666666743,3.33333333333303,100.0,50.00000000000003,0.0048780487804878,0.0,1.25,8.75,3772.53402806,-0.4854368932038833,1030.0
109,19743,8.432740427051613,5.216370213525806,3.2163702135258063,1.2020954168906428,0.3483606159073599,50.78056584499178,3.333333333333257,6.66666666666697,0.0,40.00000000000003,0.0009803921568627,2.5,1.25,3.75,17462.12560484,-0.4878048780487809,1025.0
110,19744,11.352924243902637,11.176462121951316,0.1764621219513173,0.6475544664315294,-0.1649442676414029,42.85358800301663,3.3333333333333712,6.666666666666515,0.0,40.00000000000003,-0.0072933933222827,0.0,1.25,-1.25,42852.02825078,0.0,1020.0
111,19745,13.333333333291309,11.666666666645597,1.6666666666457104,0.205705522722269,-0.4854345690805306,42.85358800301663,3.3333333333333712,6.666666666666515,0.0,40.00000000000003,-0.0072933933222827,0.0,1.25,-1.25,28762.60372348,0.4901960784313708,1020.0
112,19746,13.333333333291309,6.666666666645597,6.66666666664571,0.256043751750667,-0.3480770720417061,51.61356730252045,6.666666666666629,3.333333333333485,50.0,30.00000000000003,0.0,0.0,1.25,3.75,24884.32181179,-0.4878048780487809,1025.0
113,19747,14.757295747413878,11.878647873706996,2.878647873706882,-0.1062957411955949,-0.5683332519903745,44.30038649900659,3.3333333333333712,6.666666666666515,0.0,10.000000000000028,-0.0038882311153208,0.0,1.25,-1.25,19180.1906237,0.4901960784313708,1020.0
114,19748,14.757295747413878,6.878647873706996,7.878647873706882,0.009891787022525,-0.3617165790178036,51.67440653735425,6.666666666666629,3.333333333333485,100.0,30.00000000000003,0.0009946697125452,0.0,1.25,3.75,16143.52604698,0.0,1025.0
115,19749,14.757295747413878,6.878647873706996,7.878647873706882,0.100809174805704,-0.2166393529876997,51.67440653735425,10.0,10.0,50.0,40.00000000000003,0.0,0.0,1.25,3.75,26315.41056432,0.4878048780487809,1025.0
116,19750,16.329931618520277,3.1649658092601385,13.164965809260138,0.5697523227863712,0.2018430359943739,58.10670282676695,6.666666666666743,3.33333333333303,100.0,60.00000000000002,0.0088187470109994,0.0,1.25,8.75,18264.22502952,0.0,1030.0
117,19751,16.329931618520277,3.1649658092601385,13.164965809260138,0.9306650190926576,0.4502045858405281,58.10670282676695,6.666666666666743,3.33333333333303,100.0,70.00000000000003,0.0063558106169296,0.0,1.25,8.75,55274.70549481,0.4854368932038833,1030.0
118,19752,19.88857852020737,0.4442892601036874,19.444289260103687,1.601685906294506,0.8969803784339011,63.70889948236312,13.333333333333258,6.66666666666697,100.0,90.00000000000003,0.0097560975609756,0.0,1.25,13.75,71086.3175361,0.0,1035.0
119,19753,23.190036174545185,3.0950180872725923,20.095018087272592,2.1091616907826847,1.1235649303376636,63.70889948236312,6.666666666666743,3.33333333333303,100.0,90.00000000000003,0.0078098229583095,0.0,0.0,12.5,130156.15154321,0.4830917874396156,1035.0
120,19754,26.749870196966757,1.87493509848332,24.874935098483437,2.881581046825658,1.5167874291045098,68.58157590001562,13.333333333333258,6.66666666666697,100.0,100.00000000000004,0.0111863604072933,0.0,0.0,17.5,90058.77180444,0.0,1040.0
121,19755,27.40640638810953,4.203203194054822,23.20320319405471,3.453914376525063,1.6712966070431308,68.58157590001561,6.666666666666743,3.33333333333303,100.0,100.00000000000004,0.0097325321079297,0.0,0.0,17.5,165558.15201633,-0.480769230769229,1040.0
122,19756,26.749870196969027,9.874935098484457,16.87493509848457,3.4641024339646265,1.3451877315861551,59.34113582174497,6.666666666666743,13.33333333333303,50.0,90.00000000000003,0.0043974871501998,0.0,-5.0,2.5,101122.09352813,0.4830917874396156,1035.0
123,19757,23.19003617455121,5.095018087275548,18.095018087275665,3.831467978294995,1.3700426207332193,64.49320153049216,10.0,10.0,66.66666666666666,83.33333333333336,0.0068341899866742,0.0,-5.0,7.5,45207.33089071,0.480769230769229,1040.0
124,19758,23.944379994742576,2.472189997371288,21.472189997371288,4.4744869320777525,1.610449259612781,68.75671401090126,6.666666666666743,3.33333333333303,100.0,83.33333333333336,0.009204835902874,2.5,-5.0,12.5,21232.06190181,-0.4784688995215336,1045.0
125,19759,19.321835661569366,6.660917830784683,12.660917830784683,4.528425007752503,1.3315098682300248,60.883688444881535,3.333333333333257,6.66666666666697,50.0,73.33333333333336,0.0077863029269678,2.5,-5.0,7.5,48735.22682486,0.480769230769229,1040.0
126,19760,18.97366596099528,2.9868329804976383,15.986832980497638,4.91793859971699,1.3768187681556086,65.17774820075658,6.666666666666743,3.33333333333303,100.0,73.33333333333336,0.007748592870544,2.5,-5.0,12.5,52646.27038602,0.0,1045.0
127,19761,16.32993161853892,3.164965809269461,13.16496580926946,5.167068182028743,1.3007586803738889,65.17774820075658,6.666666666666743,3.33333333333303,100.0,83.33333333333336,0.0053447467166979,5.0,-5.0,12.5,29007.87476988,-0.4784688995215336,1045.0
128,19762,14.75729574743582,7.878647873717909,6.8786478737179095,4.904510809970816,0.83056104665277,57.816802355253394,3.333333333333257,6.66666666666697,0.0,70.00000000000003,0.0033910229351343,5.0,0.0,15.0,133334.86198752,0.480769230769229,1040.0
129,19763,13.498971154193896,3.249485577096948,10.249485577096948,5.041772004968152,0.7742577933200847,62.39096069108356,13.333333333333258,6.66666666666697,100.0,70.00000000000003,0.0043549290515309,7.5,0.0,20.0,47874.03764376,-0.4784688995215336,1045.0
130,19764,13.498971154193896,8.249485577096948,5.249485577096948,4.692996337174691,0.3403857004212982,55.86699469300528,3.333333333333257,6.66666666666697,50.0,70.00000000000003,-0.002861567621293,7.5,0.0,15.0,28155.50029453,0.0,1040.0
131,19765,13.498971154193896,8.249485577096948,5.249485577096948,4.366257607852731,0.0109175768794704,55.86699469300528,3.333333333333257,6.66666666666697,50.0,60.00000000000002,0.0009661835748792,7.5,0.0,15.0,116485.91314308,0.961538461538458,1040.0
132,19766,13.984117975587653,-0.0079410122061744,13.992058987793826,4.85822860216922,0.4023108569567677,64.48171794168078,13.333333333333258,6.66666666666697,100.0,60.00000000000002,0.005750828119249,7.5,0.0,25.0,226623.0883251,0.0,1050.0
133,19767,15.776212754920834,1.8881063774604168,13.888106377460415,5.188311533873957,0.585915030929204,64.48171794168078,13.333333333333258,16.66666666666697,60.0,72.00000000000003,0.0081661759293337,7.5,0.0,25.0,475535.64967195,0.0,1050.0
134,19768,17.5119007154085,3.2559503577042506,14.25595035770425,5.387797460037291,0.6283207656740295,64.48171794168078,10.0,10.0,50.0,62.00000000000002,0.0105908584169453,7.5,0.0,25.0,174984.89864382,0.0,1050.0
135,19769,17.511900715409865,4.255950357704933,13.255950357704933,5.482690451076678,0.5785710053707334,64.48171794168078,10.0,10.0,50.0,62.00000000000002,0.0033584836216414,7.5,1.25,26.25,81929.48252561,-0.4761904761904745,1050.0
136,19770,17.511900715409865,9.255950357704933,8.255950357704933,5.095695609855966,0.1532609313200161,56.99908487796336,3.333333333333257,6.66666666666697,25.0,57.00000000000002,-0.0009386446886446,7.5,0.0,20.0,30077.72214002,0.0,1045.0
137,19771,17.511900715409865,9.255950357704933,8.255950357704933,4.734423918189123,-0.1664086082774618,56.99908487796336,3.333333333333257,6.66666666666697,0.0,37.00000000000003,2.289377289377281e-05,7.5,0.0,20.0,22856.05865617,0.0,1045.0
138,19772,15.776212754923565,8.888106377461781,6.888106377461781,4.39742274758737,-0.4027278231033717,56.99908487796336,3.333333333333257,6.66666666666697,0.0,25.00000000000003,-0.0038095238095237,10.0,0.0,20.0,160791.27981295,0.4784688995215225,1045.0
139,19773,16.46545204696349,4.732726023481746,11.732726023481746,4.482137810533914,-0.2544102081254626,62.44246846825074,6.666666666666743,3.33333333333303,50.0,25.00000000000003,0.0033492822966506,10.0,0.0,25.0,33084.36931235,0.4761904761904745,1050.0
140,19774,16.865480854225552,1.4327404271127762,15.432740427112776,4.896291916141081,0.1277951179853635,66.94825231488014,6.666666666666743,3.33333333333303,100.0,35.00000000000003,0.0090978758084021,10.0,0.0,30.0,88961.5291243,-0.4739336492891044,1055.0
141,19775,12.64911064066746,5.3245553203337295,7.3245553203337295,4.766113031176474,-0.0019070135833949,59.28828549993226,3.333333333333257,6.66666666666697,50.0,40.00000000000003,0.0033492822966506,10.0,0.0,25.0,100962.58147051,0.0,1050.0
142,19776,12.64911064066746,5.3245553203337295,7.3245553203337295,4.609806348868688,-0.1265709567129453,59.28828549993225,10.0,10.0,50.0,50.00000000000003,0.0033584836216414,7.5,0.0,25.0,13712.45726357,-0.4761904761904745,1050.0
143,19777,13.498971154204355,10.249485577102178,3.2494855771021776,4.0359500439396925,-0.5603418093135524,52.34263971083036,6.666666666666743,13.33333333333303,0.0,50.00000000000003,-0.0037777980313525,7.5,0.0,20.0,147237.94469526,0.4784688995215225,1045.0
144,19778,13.498971154204355,5.249485577102178,8.249485577102178,3.939214191998644,-0.5256621290036803,57.68161061076015,6.666666666666743,3.33333333333303,50.0,50.00000000000003,0.0014354066985645,5.0,0.0,22.5,25448.26844084,-0.4761904761904745,1050.0
145,19779,13.984117975594929,9.992058987797463,3.992058987797464,3.419672265925328,-0.8361632440615976,51.47175847235808,6.666666666666743,13.33333333333303,0.0,30.00000000000003,-0.0047619047619047,5.0,0.0,17.5,91769.88831289,0.4784688995215225,1045.0
146,19780,13.498971154204355,5.249485577102178,8.249485577102178,3.3725135230938577,-0.7066575895144549,56.5135254057044,6.666666666666743,3.33333333333303,50.0,30.00000000000003,0.0009705435497402,2.5,0.0,20.0,63602.61753605,-0.952380952380949,1050.0
147,19781,16.865480854225552,16.432740427112776,0.4327404271127761,2.49941178984318,-1.2638074582121064,46.17983848158071,6.666666666666743,13.33333333333303,0.0,20.00000000000003,-0.0095238095238094,0.0,0.0,10.0,189569.25603207,0.0,1040.0
148,19782,19.43650631614537,17.218253158072685,2.2182531580726845,1.7868744000900278,-1.5810758783722063,46.17983848158072,10.0,10.0,25.0,25.00000000000003,-0.0062064251537935,-2.5,0.0,7.5,161825.06153271,-0.480769230769229,1040.0
149,19783,24.585451886108785,23.292725943054396,1.2927259430543927,0.8093949705103114,-2.046844246361538,41.75266563373566,3.333333333333257,6.66666666666697,0.0,15.000000000000028,-0.0119275461380724,-2.5,0.0,2.5,52641.45197335,0.0,1035.0
150,19784,24.585451886106966,21.292725943053483,3.292725943053483,0.0343396342809683,-2.257519666072705,41.75266563373565,10.0,10.0,25.0,20.00000000000003,-0.0086034360376465,-2.5,1.25,3.75,152640.34422545,0.0,1035.0
151,19785,25.38591035287118,20.19295517643559,5.192955176435589,-0.5732887873718937,-2.292118470180453,41.75266563373566,10.0,20.0,25.0,15.000000000000028,-0.0081318024081181,-2.5,1.25,3.75,710613.46512963,0.0,1035.0
152,19786,24.585451886104693,18.292725943052343,6.292725943052346,-1.042817735534527,-2.209317934674469,41.75266563373566,10.0,10.0,25.0,20.00000000000003,-0.008077183480027,-2.5,1.25,3.75,333678.85394806,0.0,1035.0
153,19787,24.94438257848242,17.47219128924121,7.472191289241209,-1.3987983332626754,-2.052238825922094,41.75266563373566,13.333333333333258,16.66666666666697,25.0,20.00000000000003,-0.0042994505494505,-2.5,2.5,5.0,512414.61134961,0.0,1035.0
154,19788,21.186998109413707,14.093499054706854,7.093499054706854,-1.661759789223197,-1.8521602255060925,41.75266563373566,10.0,10.0,25.0,25.00000000000003,-0.0042994505494505,-5.0,2.5,5.0,368363.288252,0.0,1035.0
155,19789,19.43650631613491,12.218253158067457,7.218253158067455,-1.8488462884606636,-1.631397379794847,41.75266563373566,6.666666666666743,3.33333333333303,25.0,25.00000000000003,-0.0019138755980861,-5.0,3.75,6.25,81506.61260657,0.9661835748792312,1035.0
156,19790,13.98411797557901,-1.0079410122104946,14.992058987789504,-1.1766337589347131,-0.7673478802151172,55.94347304117816,13.333333333333258,6.66666666666697,100.0,40.00000000000003,0.0067770876466529,-5.0,3.75,16.25,284511.56494189,-0.4784688995215336,1045.0
157,19791,13.98411797557901,3.9920589877895054,9.992058987789504,-1.0354229878366823,-0.5009096872936689,49.455614909659,10.0,10.0,66.66666666666666,48.33333333333336,0.0029077965004738,-5.0,3.75,11.25,317364.8545257,-0.480769230769229,1040.0
158,19792,13.49897115418662,8.24948557709331,5.24948557709331,-1.3118484750068546,-0.6218681395710729,43.96474491327327,3.333333333333257,6.66666666666697,33.33333333333333,50.00000000000002,-0.0028571428571428,-5.0,3.75,3.75,187285.96137257,-0.4830917874396156,1035.0
159,19793,15.776212754910375,13.888106377455188,1.888106377455188,-1.9123317088294696,-0.9778810987149502,39.26942893237004,3.333333333333257,6.66666666666697,0.0,45.00000000000002,-0.0105493857782187,-2.5,3.75,-6.25,174041.50251901,-0.4854368932038833,1030.0
160,19794,21.081851067771822,20.54092553388591,0.5409255338859111,-2.7598632258266207,-1.4603300925696807,35.21882472742064,3.333333333333257,6.66666666666697,0.0,40.00000000000002,-0.0129947045707915,-5.0,3.75,-11.25,230689.45056559,0.0,1025.0
161,19795,24.58545188609878,21.29272594304939,3.2927259430493905,-3.392432212353242,-1.6743192632770414,35.21882472742064,3.333333333333257,6.66666666666697,0.0,20.000000000000025,-0.0096618357487923,-5.0,3.75,-11.25,147970.48401867,0.9756097560975618,1025.0
162,19796,24.58545188609878,11.29272594304939,13.29272594304939,-3.051653700801808,-1.0668326013804854,47.72579279310179,13.333333333333258,6.66666666666697,66.66666666666666,20.000000000000025,-0.0004436289311097,-5.0,3.75,-1.25,131825.08391083,-0.9661835748792312,1035.0
163,19797,26.997942308407232,21.498971154203677,5.498971154203559,-3.547606106842068,-1.250228005936596,39.510854214658174,6.666666666666743,13.33333333333303,0.0,13.33333333333336,-0.0062592902266815,-5.0,3.75,-11.25,115379.19667817,0.4878048780487809,1025.0
164,19798,27.080128015437825,16.04006400771891,11.040064007718913,-3.496883848248672,-0.9596045978745598,44.64169611129203,10.0,10.0,50.0,23.33333333333336,2.3565453045826357e-05,-5.0,5.0,-5.0,208633.72567028,0.0,1030.0
165,19799,26.99794230840644,15.498971154203218,11.498971154203218,-3.4172936587724507,-0.7040115267186708,44.64169611129203,3.333333333333257,6.66666666666697,50.0,33.33333333333336,-0.0033816425120773,-5.0,5.0,-5.0,42138.1814004,0.4854368932038833,1030.0
166,19800,20.655911179751456,6.327955589875728,14.327955589875728,-2.917132756376077,-0.1630804994578372,49.59977074086613,6.666666666666743,3.33333333333303,100.0,53.33333333333336,0.0078048780487804,-7.5,5.0,0.0,53591.48883663,-0.4830917874396156,1035.0
167,19801,16.329931618526075,8.164965809263094,8.16496580926298,-2.890885522232111,-0.1094666122510967,45.23657512296184,3.333333333333257,6.66666666666697,50.0,50.00000000000003,0.0004972310592671,-10.0,7.5,-2.5,29598.39403745,0.0,1030.0
168,19802,14.757295747420244,6.878647873710179,7.878647873710065,-2.8373768855415165,-0.0447663804484017,45.236575122961845,3.333333333333257,6.66666666666697,50.0,60.00000000000002,-0.004320088759448,-10.0,6.25,-3.75,77716.27709242,0.0,1030.0
169,19803,14.757295747420244,6.878647873710179,7.878647873710065,-2.763119385164828,0.0235928959426297,45.236575122961845,3.333333333333257,6.66666666666697,0.0,50.00000000000003,-0.0028751212261286,-10.0,6.25,-3.75,66542.60714809,0.0,1030.0
170,19804,13.33333333329847,6.666666666649235,6.666666666649235,-2.673451891876539,0.0906083113847349,45.236575122961845,0.0,0.0,0.0,40.00000000000003,-0.0009661835748792,-10.0,7.5,-2.5,25019.92009742,0.0,1030.0
171,19805,11.35292424391082,6.17646212195541,5.17646212195541,-2.572732894093633,0.1530618473341127,45.236575122961845,3.333333333333257,6.66666666666697,0.0,20.00000000000003,0.0,-7.5,7.5,-2.5,15164.79930728,0.0,1030.0
172,19806,9.428090415771294,4.714045207885647,4.714045207885647,-2.4645031050149555,0.2090333091302327,45.236575122961845,3.333333333333257,6.66666666666697,0.0,10.000000000000028,-0.0004736656062212,-7.5,8.75,-1.25,43716.5926147,0.0,1030.0
173,19807,6.324555320264608,3.662277660132304,2.662277660132304,-2.3516221807508373,0.2575313867154811,45.236575122961845,3.333333333333257,6.66666666666697,0.0,2.8421709430404014e-14,0.0009756097560975,-5.0,7.5,-2.5,114458.10093515,0.0,1030.0
174,19808,6.324555320264608,3.662277660132304,2.662277660132304,-2.236383597002714,0.2982159763708836,45.236575122961845,3.333333333333257,6.66666666666697,0.0,2.8421709430404014e-14,-0.0009661835748792,-5.0,6.25,-3.75,75421.40448485,0.0,1030.0
175,19809,6.324555320264608,3.662277660132304,2.662277660132304,-2.1206111043566125,0.3311907752135883,45.236575122961845,3.333333333333257,6.66666666666697,0.0,2.8421709430404014e-14,0.0009756097560975,-5.0,6.25,-3.75,20340.71701266,0.4854368932038833,1030.0
176,19810,6.324555320264608,-1.337722339867696,7.662277660132304,-1.6068792528035374,0.675938101413331,53.24922207416452,6.666666666666743,3.33333333333303,100.0,20.00000000000003,0.0048543689320388,-5.0,3.75,-1.25,206197.79254532,0.4830917874396156,1035.0
177,19811,13.49897115417889,-1.7505144229105554,15.249485577089445,-0.7872103747740766,1.1964855835542334,59.61295782919354,6.666666666666743,3.33333333333303,100.0,40.00000000000003,0.0097087378640776,0.0,3.75,3.75,91515.33623797,0.0,1040.0
178,19812,16.996731711951725,0.9983658559758624,15.998365855975862,-0.1360485999673528,1.4781178866887656,59.612957829193526,10.0,10.0,66.66666666666666,53.33333333333336,0.0087331738661413,2.5,3.75,3.75,369132.72842629,-0.480769230769229,1040.0
179,19813,16.865480854207362,6.432740427103681,10.43274042710368,-0.0231891057458142,1.2727819047282436,51.485130306788754,3.333333333333257,6.66666666666697,33.33333333333333,60.00000000000002,0.0024271844660194,2.5,3.75,-1.25,41869.65016895,0.0,1035.0
180,19814,16.46545204694712,6.73272602347356,9.73272602347356,0.065497838225383,1.089175078959553,51.485130306788754,3.333333333333257,6.66666666666697,33.33333333333333,66.6666666666667,2.33383121732712e-05,2.5,2.5,-2.5,56782.36200998,0.0,1035.0
181,19815,15.7762127549081,6.888106377454051,8.88810637745405,0.1342354970263386,0.9263301902084066,51.48513030678876,3.333333333333257,6.66666666666697,0.0,46.66666666666669,2.33383121732712e-05,2.5,2.5,-2.5,92122.6396355,-0.4830917874396156,1035.0
182,19816,15.7762127549081,11.88810637745405,3.8881063774540503,-0.2123003600042921,0.4638354665422207,43.99349948374985,3.333333333333257,6.66666666666697,0.0,26.666666666666693,-0.0038647342995169,2.5,2.5,-7.5,125906.58915493,0.9708737864077666,1030.0
183,19817,16.3299316185321,3.16496580926605,13.16496580926605,0.3163373629488433,0.7939785515962849,57.35786092866414,13.333333333333258,6.66666666666697,100.0,33.33333333333336,0.0043572065100136,2.5,2.5,2.5,66909.04960547,-0.961538461538458,1040.0
184,19818,16.3299316185321,13.16496580926605,3.16496580926605,-0.0708135647996641,0.3254620990782219,45.63158706696972,6.666666666666743,13.33333333333303,0.0,26.666666666666696,-0.0053000743218134,2.5,2.5,-7.5,76353.53638789,0.4854368932038833,1030.0
185,19819,14.757295747428545,7.878647873714271,6.878647873714272,0.0255304498111854,0.3374448909512573,51.02312701220294,6.666666666666743,3.33333333333303,50.0,30.00000000000003,0.0033980582524271,2.5,1.25,-3.75,45771.44519281,-0.9661835748792312,1035.0
186,19820,19.88857852021601,19.444289260108008,0.4442892601080075,-0.6969980908763773,-0.3080669197890443,42.04313512871149,6.666666666666743,13.33333333333303,0.0,30.00000000000003,-0.0110809629725838,0.0,-2.5,-17.5,167651.23424265,0.4878048780487809,1025.0
187,19821,18.973665960989365,12.986832980494682,5.9868329804946825,-0.856278308328001,-0.3738777097925343,47.06015927094445,6.666666666666743,3.33333333333303,33.33333333333333,36.6666666666667,-0.0014492753623188,-2.5,-2.5,-12.5,74356.32988345,0.4854368932038833,1030.0
188,19822,16.865480854207362,6.432740427103681,10.43274042710368,-0.5724519452678578,-0.0720410773859129,51.57455484351903,13.333333333333258,6.66666666666697,66.66666666666666,30.00000000000002,0.0014563106796116,-2.5,-2.5,-7.5,53003.44355971,-0.9661835748792312,1035.0
189,19823,19.32183566156391,16.660917830781955,2.6609178307819548,-1.1412779919271543,-0.5126936992361675,43.5718366063106,6.666666666666743,13.33333333333303,0.0,30.00000000000002,-0.0072115384615384,-2.5,-2.5,-17.5,50011.53182996,0.4878048780487809,1025.0
190,19824,18.973665960987205,10.986832980493546,7.986832980493659,-1.1750730086325802,-0.4371909727532747,47.92297495819263,6.666666666666743,3.33333333333303,50.0,30.00000000000002,-0.0019230769230769,-2.5,-2.5,-12.5,15731.56253887,-0.4854368932038833,1030.0
191,19825,19.88857852021204,15.44428926010596,4.444289260106075,-1.587019839286313,-0.6793102427256059,44.24853967133544,3.333333333333257,6.66666666666697,0.0,30.00000000000002,-0.0096618357487923,-2.5,-2.5,-17.5,34509.65621774,0.0,1025.0
192,19826,21.08185106776716,15.540925533883636,5.540925533883524,-1.8916845090088827,-0.7871799299585405,44.24853967133544,3.333333333333257,6.66666666666697,0.0,23.33333333333336,-0.0019323671497584,-2.5,-3.75,-18.75,46648.83475203,-0.4878048780487809,1025.0
193,19827,19.321835661559703,17.66091783077991,1.6609178307797947,-2.5076846404551816,-1.1225440491238714,40.635125030402,6.666666666666629,13.333333333333483,0.0,10.000000000000028,-0.0106655410158998,-5.0,-7.5,-30.0,261767.29475766,0.0,1020.0
194,19828,21.499353995438128,17.749676997719007,3.7496769977191207,-2.961728223321188,-1.261270105591902,40.635125030402,10.0,10.0,33.33333333333333,16.666666666666693,-0.0087285980500159,-5.0,-7.5,-30.0,376190.08547758,0.0,1020.0
195,19829,19.888578520207037,15.44428926010346,4.444289260103574,-3.28370848655436,-1.2666002950600594,40.635125030402,6.666666666666629,3.333333333333485,33.33333333333333,13.33333333333336,-0.0077485928705441,-5.0,-7.5,-30.0,78965.43942488,-0.4901960784313708,1020.0
196,19830,23.94437999473314,21.472189997366517,2.472189997366627,-3.897411445081161,-1.5042426028694882,36.87419341265629,3.3333333333333712,6.666666666666515,0.0,13.33333333333336,-0.0097325337902151,-5.0,-7.5,-35.0,243218.25198741,0.0,1015.0
197,19831,25.29822128132309,20.649110640661547,4.649110640661547,-4.3338179060912125,-1.5525192511036314,36.87419341265629,10.0,10.0,25.0,18.33333333333336,-0.0092425439599664,-5.0,-8.75,-36.25,330815.86213583,0.0,1015.0
198,19832,20.65591117974145,16.327955589870726,4.327955589870726,-4.626343561799104,-1.4760359254492177,36.87419341265629,6.666666666666629,13.333333333333483,33.33333333333333,25.000000000000025,-0.0073290291726446,-7.5,-8.75,-36.25,283207.2860321,0.4926108374384341,1015.0
199,19833,19.88857852020192,10.44428926010096,9.44428926010096,-4.403948066278872,-1.0029123439431888,43.415241655939184,6.666666666666629,3.333333333333485,66.66666666666666,31.666666666666693,0.0005213066143766,-7.5,-7.5,-30.0,82671.59817587,0.0,1020.0
200,19834,14.757295747406374,6.87864787370313,7.878647873703244,-4.179519138833825,-0.622786733198514,43.41524165593918,6.666666666666629,3.333333333333485,66.66666666666666,38.33333333333336,-0.0004354965374455,-7.5,-7.5,-30.0,70758.78168394,0.0,1020.0
201,19835,12.649110640619142,5.324555320309628,7.324555320309514,-3.956054661333383,-0.3194578045584566,43.41524165593918,6.666666666666629,3.333333333333485,66.66666666666666,51.666666666666686,0.0014874444310946,-7.5,-7.5,-30.0,48732.86232845,-0.4901960784313708,1020.0
202,19836,10.327955589817975,8.163977794908988,2.163977794908988,-4.134752809601196,-0.3985247622610153,38.44036857826693,3.3333333333333712,6.666666666666515,0.0,46.666666666666686,-0.0053636017513801,-10.0,-7.5,-35.0,87278.97985379,0.0,1015.0
203,19837,10.540925533826568,7.770462766913283,2.7704627669132837,-4.227638791183153,-0.3931285950743786,38.44036857826693,3.3333333333333712,6.666666666666515,0.0,40.00000000000002,-0.0044021999043519,-10.0,-7.5,-35.0,122272.82582842,0.0,1015.0
204,19838,10.327955589815929,7.163977794907964,3.1639777949079644,-4.252234488534327,-0.3341794339404416,38.44036857826693,10.0,10.0,50.0,36.666666666666686,-0.0044021999043519,-7.5,-6.25,-33.75,312729.78775323,-0.492610837438423,1015.0
205,19839,12.649110640614252,12.324555320307129,0.3245553203071267,-4.621906507957306,-0.5630811626907359,33.62765112487061,3.3333333333333712,6.666666666666515,0.0,23.33333333333336,-0.0073650149715058,-7.5,-6.25,-38.75,143680.37626706,0.4950495049504955,1010.0
206,19840,12.649110640614252,7.324555320307127,5.324555320307127,-4.460003884907451,-0.3209428317127045,41.513415016596,10.0,10.0,50.0,20.00000000000003,-0.0024509803921568,-7.5,-6.25,-33.75,108291.32093224,0.0,1015.0
207,19841,12.649110640614252,7.324555320307127,5.324555320307127,-4.282330845368051,-0.114615833738644,41.51341501659599,3.3333333333333712,6.666666666666515,50.0,30.00000000000003,-0.0024509803921568,-10.0,-6.25,-33.75,142890.18962615,-0.492610837438423,1015.0
208,19842,14.757295747401033,12.878647873700515,1.8786478737005157,-4.493187229257501,-0.2603777741024746,36.485924050597255,6.666666666666629,13.333333333333483,0.0,30.00000000000003,-0.0024630541871921,-10.0,-6.25,-38.75,112525.88686833,0.0,1010.0
209,19843,14.757295747399668,11.878647873699832,2.8786478736998333,-4.607183686957001,-0.299499385441579,36.48592405059725,3.3333333333333712,6.666666666666515,0.0,20.00000000000003,-0.0049261083743842,-10.0,-6.25,-38.75,32649.680707,0.4950495049504955,1010.0
210,19844,12.64911064061107,5.324555320305535,7.324555320305535,-4.245133234306081,0.0500408537674728,44.30804722729617,3.3333333333333712,6.666666666666515,50.0,30.00000000000003,0.0,-7.5,-6.25,-33.75,155112.06664934,0.0,1015.0
211,19845,9.660917830710332,3.330458915355166,6.330458915355166,-3.9130978855419016,0.3056609620253221,44.30804722729617,10.0,10.0,50.0,30.00000000000003,0.0029800038827412,-7.5,-3.75,-28.75,121077.0041121,0.4926108374384341,1015.0
212,19846,12.64911064061107,0.3245553203055351,12.324555320305535,-3.209502123569564,0.8074053791981282,51.26844841716994,6.666666666666629,3.333333333333485,100.0,40.00000000000003,0.0064283275618202,-7.5,-5.0,-25.0,57659.8547576,-0.4901960784313708,1020.0
213,19847,12.64911064061107,5.324555320305535,7.324555320305535,-3.0205367587927867,0.7970965951799243,45.186592806504855,3.3333333333333712,6.666666666666515,50.0,50.00000000000003,-0.0009803921568627,-7.5,-6.25,-31.25,9299.54197986,0.0,1015.0
214,19848,12.64911064061107,5.324555320305535,7.324555320305535,-2.8380649002492646,0.7836547629787574,45.18659280650486,3.3333333333333712,6.666666666666515,50.0,60.00000000000002,0.0014851485148514,-7.5,-6.25,-31.25,53659.57855838,0.4926108374384341,1015.0
215,19849,13.333333333275732,1.666666666637866,11.666666666637866,-2.2638995991081856,1.086256051295869,51.81577796396506,6.666666666666629,3.333333333333485,100.0,70.00000000000003,0.0039555187045798,-5.0,-6.25,-26.25,64351.24389734,-0.4901960784313708,1020.0
216,19850,13.333333333275732,6.666666666637866,6.666666666637866,-2.187115963181668,0.9304317497779092,45.84476778721518,3.3333333333333712,6.666666666666515,0.0,60.00000000000002,0.0,-5.0,-6.25,-31.25,38373.01951069,0.0,1015.0
217,19851,13.333333333275732,6.666666666637866,6.666666666637866,-2.1020334454251497,0.8124114140275425,45.84476778721518,3.3333333333333712,6.666666666666515,0.0,40.00000000000003,0.0009900990099009,-5.0,-6.25,-31.25,75430.20542155,-0.492610837438423,1015.0
218,19852,13.333333333275732,11.666666666637866,1.666666666637866,-2.410278954927435,0.4033327236202062,40.44011787255338,3.3333333333333712,6.666666666666515,0.0,30.00000000000003,-0.0088283589297787,-5.0,-6.25,-36.25,74529.96244119,0.4950495049504955,1010.0
219,19853,11.35292424388399,6.176462121941995,5.176462121941995,-2.225453881689191,0.4705262374867605,47.14989820203995,6.666666666666629,3.333333333333485,50.0,30.00000000000003,0.0,-2.5,-7.5,-30.0,25919.74239875,-0.492610837438423,1015.0
220,19854,13.333333333275732,11.666666666637866,1.666666666637866,-2.454147013691454,0.1934664843875979,42.048495402293966,3.3333333333333712,6.666666666666515,0.0,10.000000000000028,-0.0039408866995073,-2.5,-7.5,-32.5,114185.45365856,0.0,1010.0
221,19855,14.757295747399668,11.878647873699832,2.8786478736998333,-2.605355057126758,0.0338067527618357,42.048495402293966,3.3333333333333712,6.666666666666515,0.0,10.000000000000028,-0.0029411764705882,-2.5,-7.5,-32.5,74639.60770799,0.4950495049504955,1010.0
222,19856,12.64911064061107,5.324555320305535,7.324555320305535,-2.29527184264316,0.275111973796347,48.509569826290566,6.666666666666629,3.333333333333485,100.0,30.00000000000003,0.0,-2.5,-7.5,-27.5,108429.7184417,0.0,1015.0
223,19857,12.64911064061107,5.324555320305535,7.324555320305535,-2.026172209157153,0.4353692858258835,48.50956982629057,6.666666666666629,3.333333333333485,100.0,50.00000000000003,0.0024752475247524,-2.5,-5.0,-20.0,66758.16024016,-0.492610837438423,1015.0
224,19858,13.498971154151832,10.249485577075916,3.249485577075916,-2.191109280253272,0.2163457717838115,42.95530932175182,3.3333333333333712,6.666666666666515,0.0,40.00000000000003,-0.0019607843137254,0.0,-6.25,-26.25,73331.9011124,0.0,1010.0
225,19859,10.54092553381679,7.770462766908395,2.7704627669083948,-2.295363574926796,0.0896731816882301,42.95530932175182,3.3333333333333712,6.666666666666515,0.0,40.00000000000003,-0.0049261083743842,0.0,-6.25,-26.25,57951.70757027,0.0,1010.0
226,19860,10.327955589806152,7.163977794903076,3.163977794903076,-2.35088630066889,0.0273203647569091,42.95530932175183,3.3333333333333712,6.666666666666515,0.0,40.00000000000003,-0.0034482758620689,-2.5,-6.25,-26.25,52536.17840147,0.0,1010.0
227,19861,9.660917830706012,6.330458915353006,3.330458915353006,-2.367596284647334,0.0084883046227721,42.95530932175184,3.3333333333333712,6.666666666666515,0.0,20.00000000000003,-0.0019607843137254,-2.5,-6.25,-26.25,35686.42652825,0.0,1010.0
228,19862,9.660917830706012,6.330458915353006,3.330458915353006,-2.353706998195776,0.0179020728594645,42.95530932175184,3.3333333333333712,6.666666666666515,0.0,2.8421709430404014e-14,-0.0024630541871921,-2.5,-7.5,-27.5,140022.6727526,0.4950495049504955,1010.0
229,19863,9.660917830706012,1.330458915353006,8.330458915353006,-1.9171418079763496,0.3635738104631123,51.07040844525813,6.666666666666629,3.333333333333485,100.0,20.00000000000003,0.0024752475247524,-2.5,-5.0,-17.5,50114.57760201,-0.492610837438423,1015.0
230,19864,9.660917830706012,6.330458915353006,3.330458915353006,-1.9521161824998217,0.2628795487517124,44.28575951441095,3.3333333333333712,6.666666666666515,0.0,20.00000000000003,0.0,-2.5,-6.25,-23.75,43799.48532318,0.0,1010.0
231,19865,9.660917830706012,6.330458915353006,3.330458915353006,-1.9572714197191767,0.2061794492258855,44.28575951441096,3.3333333333333712,6.666666666666515,0.0,20.00000000000003,-0.0009852216748768,-2.5,-6.25,-23.75,47317.32471654,0.0,1010.0
232,19866,8.432740427014778,5.216370213507389,3.216370213507389,-1.9390053358345083,0.1795564264884435,44.28575951441095,3.3333333333333712,6.666666666666515,0.0,20.00000000000003,-0.0024630541871921,-2.5,-6.25,-23.75,91276.09271622,0.0,1010.0
233,19867,6.324555320200716,3.662277660100358,2.662277660100358,-1.902597374547668,0.1727715102202274,44.28575951441096,10.0,10.0,50.0,30.00000000000003,0.0,-2.5,-7.5,-25.0,223094.35871811,-0.4950495049504955,1010.0
234,19868,9.42809041572832,9.71404520786416,-0.2859547921358398,-2.2512509960519083,-0.1407056890272104,37.572061442118525,3.3333333333333712,6.666666666666515,0.0,10.000000000000028,-0.0059308393893576,-2.5,-7.5,-30.0,65320.52959661,0.4975124378109541,1005.0
235,19869,9.42809041572832,4.71404520786416,4.71404520786416,-2.0998969844547446,0.0085186580559626,46.33367768030821,6.666666666666629,3.333333333333485,50.0,20.00000000000003,-0.0024630541871921,-2.5,-7.5,-25.0,66951.7769313,-0.990099009900991,1010.0
236,19870,15.776212754875814,16.888106377437907,-1.1118936225620928,-2.755105129392064,-0.5173515895050849,35.57869098989748,6.666666666666629,13.333333333333483,0.0,20.00000000000003,-0.0099009900990099,-2.5,-8.75,-36.25,764578.89707628,0.0,1000.0
237,19871,19.3218356615389,17.66091783076945,1.6609178307694492,-3.2370476346347914,-0.7994352757982499,35.57869098989748,3.3333333333333712,6.666666666666515,0.0,20.00000000000003,-0.0074380572385596,-2.5,-8.75,-36.25,386019.63025803,0.0,1000.0
238,19872,21.49935399541937,17.749676997709685,3.7496769977096847,-3.577748484786412,-0.912108900759896,35.57869098989748,4.666666666666629,7.333333333333485,9.090909090909092,11.818181818181849,-0.0099009900990099,-2.5,-8.75,-36.25,1755290.17368044,-0.1,1000.0
239,19873,20.41350315622435,16.606751578112153,3.8067515781121983,-3.883679367557306,-0.974431826824632,34.5762808942998,6.666666666666629,9.333333333333483,15.384615384615383,14.895104895104923,-0.0059455445544554,-2.5,-8.75,-37.25,698051.21377255,0.0,999.0
240,19874,20.746083967776254,15.673041983888083,5.073041983888174,-4.079110351294503,-0.9358902484494624,34.5762808942998,7.333333333333371,4.666666666666515,31.25,11.145104895104923,-0.0044692625979015,-2.5,-8.75,-37.25,1002103.70884855,-0.1001001001000978,999.0
241,19875,20.435263639062214,15.31763181953113,5.117631819531084,-4.265512286116518,-0.8978337466171817,33.482225894206934,6.666666666666629,5.333333333333485,36.36363636363637,18.417832167832195,-0.0079141101302248,-2.5,-10.0,-39.5,691842.30539317,-0.3006012024048043,998.0
242,19876,20.23857702502619,16.719288512513117,3.5192885125130715,-4.60226010073643,-0.9876652489896744,30.37688000384605,2.6666666666666288,5.333333333333485,9.090909090909092,20.23601398601401,-0.0064722990317049,-5.0,-10.0,-42.5,374202.10104266,-0.3015075376884391,995.0
243,19877,19.758542456311037,17.67927122815547,2.0792712281555623,-5.052962689390483,-1.1506942701149816,27.618347923788576,4.0,6.0,7.142857142857142,19.846403596403626,-0.009467859939147,-2.5,-10.0,-45.5,507680.24540748,-0.4032258064516125,992.0
244,19878,23.20536336467626,21.702681682338152,1.5026816823381068,-5.667581951847069,-1.412250826057253,24.432492473722878,12.0,10.0,36.84210526315789,24.137901572112124,-0.0129664556836445,-2.5,-10.0,-49.5,1409777.90874387,-0.2024291497975672,988.0
245,19879,21.086067016394736,20.243033508197414,0.8430335081973226,-6.244077591072596,-1.5909971722262242,23.00366406964362,5.333333333333371,8.666666666666515,26.31578947368421,23.151059466848967,-0.0131789922167553,-5.0,-11.25,-52.75,754928.64110488,-0.7099391480730244,986.0
246,19880,28.79506130490313,28.997530652451587,-0.2024693475484582,-7.18299494270434,-2.0239316190863743,18.84886337437166,10.0,12.0,16.666666666666664,19.21166552745503,-0.0177325547140785,-5.0,-11.25,-59.75,1039168.38176808,-0.3064351378958108,979.0
247,19881,34.70766806081474,32.553834030407415,2.1538340304073245,-8.076072697484733,-2.333607499093413,17.39851214464356,6.666666666666629,13.333333333333483,4.761904761904762,18.34586466165416,-0.0194187742141596,-5.0,-11.25,-62.75,626665.2261157,-0.7172131147541005,976.0
248,19882,42.09829766943085,40.14914883471545,1.9491488347154016,-9.242147033025049,-2.7997454677069813,14.579526255028624,10.0,16.0,8.0,18.51729323308273,-0.0226598856350719,-7.5,-11.25,-69.75,941614.68996572,1.238390092879249,969.0
249,19883,39.91323924043172,25.25661962021581,14.656619620215906,-9.093149466476577,-2.1205983209268062,34.247546393701114,25.33333333333337,20.666666666666515,57.692307692307686,22.68733371891269,-0.006105162443573,-7.5,-11.25,-57.75,808827.50606275,0.1019367991845099,981.0
250,19884,35.88624001228618,20.543120006143116,15.343120006143067,-8.793015766571443,-1.4563716968173397,35.57871026244496,6.0,6.0,69.56521739130434,31.33721930243672,-0.0023480918563749,-8.0,-12.5,-58.0,269174.36123594,0.0,982.0
251,19885,30.57958650976548,16.28979325488274,14.289793254882738,-8.457662973009406,-0.8968151226042407,35.57871026244496,4.666666666666629,5.333333333333485,69.56521739130434,41.91692944736426,0.0020875043934721,-9.5,-12.5,-58.0,258575.90213459,-0.3054989816700604,982.0
252,19886,25.730224337177788,15.265112168588873,10.465112168588917,-8.337854796024999,-0.6216055564958669,33.23750951630072,2.6666666666666288,5.333333333333485,56.52173913043478,52.26889632107026,-0.005023371995849,-11.5,-13.75,-62.25,280683.0735535,-0.6128702757916216,979.0
253,19887,22.881336402241004,17.940668201120502,4.940668201120502,-8.62760218105393,-0.7290823532198374,29.111520883264504,5.333333333333371,8.666666666666515,30.434782608695656,56.7558528428094,-0.010514635912672,-11.5,-13.75,-68.25,464462.60285525,0.5138746145940454,973.0
254,19888,19.52775802109022,10.26387901054511,9.26387901054511,-8.357431588913641,-0.3671294088636383,36.21721440937092,8.666666666666629,5.333333333333485,46.15384615384615,54.44816053511708,-0.0026673675959577,-13.0,-13.75,-63.25,195728.63802956,0.4089979550102152,978.0
255,19889,17.32820436928114,4.764102184640592,12.564102184640548,-7.731429767847544,0.2070979297619688,41.28753905990975,8.666666666666629,7.333333333333485,76.92307692307693,55.9197324414716,-0.0001781429452254,-13.0,-13.75,-59.25,224798.7690922,0.3054989816700715,982.0
256,19890,19.41820451698868,3.4091022584943858,16.009102258494295,-6.913548799572368,0.8199831184297164,44.82981717134656,7.333333333333371,6.666666666666515,81.25,58.25668896321073,0.0064757048707459,-13.0,-11.25,-51.25,176888.55688184,1.015228426395942,985.0
257,19891,27.789686336187287,-0.5051568319063335,28.29484316809362,-5.396251188535416,1.869824583573336,54.651366548256064,16.0,10.0,92.0,65.35234113712377,0.0144882511150086,-9.0,-11.25,-41.25,308063.04415517,-0.1005025125628167,995.0
258,19892,27.224172265703142,2.712086132851596,24.51208613285155,-4.225761593694188,2.432251342731652,53.6233172489974,10.0,16.0,66.66666666666666,72.59871794871798,0.0137708580807964,-2.0,-11.25,-42.25,550846.59224693,1.106639839034207,994.0
259,19893,38.51695153504215,-0.2415242324789233,38.75847576752108,-2.383061636554089,3.4199610398974007,62.07456534149389,16.0,8.0,100.0,83.36794871794874,0.0259612998149846,0.5,-11.25,-28.75,222624.50331318,1.990049751243772,1005.0
260,19894,62.50475537462603,-3.947622312687031,66.45237768731306,0.6832481490861255,5.1890166604300925,72.04819133929888,36.66666666666663,23.333333333333485,89.79591836734694,85.94251700680273,0.0410508623320722,3.0,-11.25,-8.75,792971.79753561,-0.4878048780487809,1025.0
261,19895,71.8566474153597,9.528323707679874,62.32832370767983,2.678980908216431,5.747799535648318,67.28430926846882,16.66666666666663,13.333333333333483,78.26086956521739,85.34469091984622,0.0326385024648034,3.0,-11.25,-13.75,351629.46523723,0.0,1020.0
262,19896,75.661233285084,15.5306166425421,60.130616642541895,4.212059498324607,5.824702500605195,67.28430926846882,6.666666666666629,3.333333333333485,73.68421052631578,81.68153302510939,0.0258618925799631,3.0,-8.75,-6.25,178082.89536668,0.4901960784313708,1020.0
263,19897,74.0558347914905,14.927917395745226,59.12791739574527,5.764049168656243,5.901353736749464,69.61441131103786,13.333333333333371,6.666666666666515,86.48648648648648,85.64549698907334,0.017802863605195,5.5,-8.75,-1.25,92740.07776816,-0.4878048780487809,1025.0
264,19898,67.73674532087193,20.96837266043599,46.76837266043594,6.515447922692147,5.322201992628294,64.65525965088747,10.0,10.0,66.66666666666666,78.97883032240668,0.016222976264122,7.5,-8.75,-5.75,109744.08424694,-0.4901960784313708,1020.0
265,19899,58.185908947082,24.492954473540976,33.69295447354102,6.631040132575777,4.350235362009538,60.048504655529634,10.0,10.0,33.33333333333333,67.68631331560395,0.0091671877598886,9.0,-8.75,-9.75,264523.48561054,-0.492610837438423,1015.0
266,19900,46.12832342737431,25.96416171368719,20.16416171368712,6.24717602199928,3.173097001146433,55.76922610741796,6.666666666666629,13.333333333333483,0.0,52.03413940256048,-0.0051633497930071,13.0,-8.75,-13.25,346561.7581362,0.4950495049504955,1010.0
267,19901,38.66436774772899,19.23218387386441,19.43218387386457,6.274095296937844,2.560013020867997,58.92179442729692,10.0,10.0,33.33333333333333,43.963963963963984,0.0027994089692903,13.5,-6.25,-3.25,271622.00205119,0.0,1015.0
268,19902,25.29822128131491,14.649110640657454,10.649110640657454,6.223686235457421,2.0076831675100597,58.92179442729692,6.666666666666629,3.333333333333485,33.33333333333333,33.33333333333335,0.0046207823230815,17.0,-7.5,-4.5,40613.20443034,0.0,1015.0
269,19903,19.32183566154481,12.660917830772403,6.660917830772405,6.113266757255246,1.5178109514463074,58.92179442729692,6.666666666666629,3.333333333333485,50.0,30.00000000000002,0.0035685187589723,19.5,-8.75,-4.25,56822.59029129,0.0,1015.0
270,19904,16.86548085418326,10.43274042709163,6.43274042709163,5.957088912427253,1.0893064852946504,58.92179442729692,6.666666666666629,3.333333333333485,50.0,33.33333333333336,0.0027547638773819,19.5,-8.75,0.75,170008.7875795,0.0,1015.0
271,19905,16.465452046921314,9.7327260234606,6.732726023460714,5.766840299956016,0.7192462982587307,58.92179442729692,6.666666666666629,3.333333333333485,50.0,43.33333333333336,0.0019900497512437,19.5,-7.5,4.5,46216.60586781,-0.492610837438423,1015.0
272,19906,17.511900715370302,14.255950357685151,3.255950357685151,5.15320574260727,0.0844893927279875,53.40777984274744,3.3333333333333712,6.666666666666515,0.0,36.666666666666686,-0.0053898834554848,19.5,-7.5,2.5,36462.75216012,0.0,1010.0
273,19907,12.649110640604931,10.324555320302466,2.3245553203024656,4.61371193565185,-0.3640035313819467,53.40777984274744,3.3333333333333712,6.666666666666515,0.0,30.00000000000002,-0.0059016710132328,17.0,-7.5,2.5,15836.39149575,0.0,1010.0
274,19908,10.327955589800697,8.163977794900347,2.163977794900348,4.138453688770596,-0.6714094226105605,53.40777984274744,3.3333333333333712,6.666666666666515,0.0,20.00000000000002,-0.0059016710132328,17.0,-8.75,5.25,37114.9043866,-0.4950495049504955,1010.0
275,19909,13.9841179755374,13.9920589877687,-0.0079410122312992,3.320078097182545,-1.191828011358889,47.818660276050494,6.666666666666629,13.333333333333483,0.0,10.000000000000025,-0.0093333515737732,11.5,-8.75,0.75,101486.16178523,0.0,1005.0
276,19910,16.46545204691597,14.732726023457984,1.732726023457985,2.641064991554458,-1.4966728935895812,47.818660276050494,3.3333333333333712,6.666666666666515,0.0,2.2737367544323207e-14,-0.0083720890199712,9.0,-6.5,5.5,141931.22767877,0.4975124378109541,1005.0
277,19911,15.776212754873768,8.888106377436884,6.888106377436884,2.477837458751196,-1.3279203411142744,53.46640256021241,13.333333333333371,6.666666666666515,66.66666666666666,13.333333333333352,-0.0024630541871921,6.5,-7.25,9.75,135217.78542458,-0.4950495049504955,1010.0
278,19912,16.329931618496857,13.164965809248429,3.1649658092484287,1.922854776825716,-1.5063224184318045,47.88499454840077,10.0,10.0,33.33333333333333,20.00000000000002,-0.0024752475247524,6.5,-8.25,3.75,39214.17666064,-1.0945273631840835,1005.0
279,19913,24.47311450002576,26.136557250012856,-1.663442749987098,0.5886335328460746,-2.2724349299291564,38.39011280746013,7.333333333333371,14.666666666666517,0.0,20.00000000000002,-0.0143630430979279,3.5,-8.25,-7.25,214515.24567738,1.106639839034207,994.0
280,19914,22.50530801581908,13.152654007909518,9.352654007909564,0.4140883014335941,-1.9575841290733096,49.23117659003952,16.0,8.0,70.58823529411765,34.11764705882355,-0.0059308393893576,0.5,-9.0,3.0,134650.67482057,0.0,1005.0
281,19915,19.454790898050305,10.62739544902513,8.827395449025175,0.2726173844986306,-1.6792440368066184,49.23117659003952,10.666666666666629,5.333333333333485,70.58823529411765,48.235294117647086,-0.0019704433497536,-1.5,-9.0,3.0,57802.33904662,0.0,1005.0
282,19916,18.590320061740385,9.69516003087017,8.895160030870215,0.1586715961934715,-1.434551860089422,49.23117659003951,6.666666666666629,3.333333333333485,70.58823529411765,49.01960784313728,0.0035627558454173,-3.0,-9.0,3.0,38813.52461329,0.995024875621886,1005.0
283,19917,21.618921753310133,1.7094608766550436,19.90946087665509,0.8653104048296427,-0.5823304411626009,57.68538978679332,13.333333333333371,6.666666666666515,100.0,62.35294117647062,0.0064602728929609,-7.0,-7.0,15.0,300163.54092726,-0.492610837438423,1015.0
284,19918,21.618921753310133,6.709460876655044,14.90946087665509,1.0102233129653089,-0.349934026421548,52.93856752759634,3.3333333333333712,6.666666666666515,77.27272727272727,77.80748663101608,0.0039800995024876,-7.5,-3.5,13.5,93118.57437107,0.990099009900991,1010.0
285,19919,27.91733830034309,1.3586691501715222,26.558669150171568,1.9099673485364972,0.4398480073197124,60.023789225720286,16.66666666666663,13.333333333333483,82.14285714285714,80.11841100076397,0.017289967081936,-2.5,-4.75,22.25,326917.67525155,-0.4901960784313708,1020.0
286,19920,29.2240388112682,8.012019405634078,21.212019405634123,2.194268603202886,0.5793194095888805,55.52273887990496,13.333333333333371,16.666666666666515,60.0,78.00076394194043,0.0039751736367666,0.0,1.5,18.5,198729.58678632,0.0,1015.0
287,19921,30.37250218350414,9.086251091752048,21.28625109175209,2.392005841437822,0.6216453182590529,55.52273887990496,10.0,10.0,50.0,73.8831168831169,0.0074503719028619,0.0,1.5,18.5,45629.50369803,0.0,1015.0
