,open,high,low,close,volume,value
2021-12-15 13:00:00,49810.0,65000.0,10350.0,13440.0,11473396.91002797,199662531769.59015
2021-12-15 14:00:00,13420.0,13590.0,12570.0,12730.0,5107846.86803086,66925273020.22069
2021-12-15 15:00:00,12720.0,12870.0,12450.0,12720.0,2878602.24315264,36427064030.99185
2021-12-15 16:00:00,12710.0,13030.0,12590.0,12950.0,1385685.99503668,17729612087.201485
2021-12-15 17:00:00,12960.0,13140.0,12680.0,12760.0,1484416.77968338,19157606794.229267
2021-12-15 18:00:00,12770.0,13100.0,12730.0,13080.0,789498.21880378,10191910043.12576
2021-12-15 19:00:00,13070.0,13100.0,12750.0,12810.0,911251.24031682,11754260252.203926
2021-12-15 20:00:00,12810.0,12900.0,12640.0,12800.0,725547.35945216,9261711216.577383
2021-12-15 21:00:00,12800.0,12810.0,12100.0,12200.0,1698409.12195211,21122227740.355736
2021-12-15 22:00:00,12210.0,12360.0,12170.0,12310.0,595769.23262175,7307146778.621808
2021-12-15 23:00:00,12310.0,12340.0,11910.0,12100.0,723613.19543871,8771000321.28934
2021-12-16 00:00:00,12110.0,12130.0,11860.0,12020.0,542327.68247302,6506777491.034169
2021-12-16 01:00:00,12020.0,12850.0,12000.0,12700.0,1058961.15666119,13209728435.82281
2021-12-16 02:00:00,12720.0,12740.0,12380.0,12610.0,421907.24229957,5293593747.484287
2021-12-16 03:00:00,12610.0,12610.0,12170.0,12260.0,269372.48056739,3341587981.1761546
2021-12-16 04:00:00,12270.0,12550.0,11970.0,12190.0,626117.14065611,7656302894.666163
2021-12-16 05:00:00,12190.0,12590.0,12170.0,12550.0,546003.05073273,6762444429.058635
2021-12-16 06:00:00,12550.0,12580.0,12300.0,12310.0,367390.3744908,4555056170.235107
2021-12-16 07:00:00,12310.0,12430.0,12200.0,12290.0,448051.40769031,5502767026.946139
2021-12-16 08:00:00,12300.0,12480.0,12300.0,12410.0,434738.14465372,5392297440.805081
2021-12-16 09:00:00,12420.0,13340.0,12210.0,12760.0,3862474.34659127,49606065339.990204
2021-12-16 10:00:00,12760.0,12810.0,12430.0,12560.0,569228.83946331,7156408661.787735
2021-12-16 11:00:00,12570.0,12640.0,12500.0,12540.0,232611.66405229,2919849317.134545
2021-12-16 12:00:00,12520.0,12550.0,12230.0,12310.0,491509.27209386,6070350195.644599
2021-12-16 13:00:00,12310.0,12390.0,12140.0,12150.0,331365.77640584,4054652832.777413
2021-12-16 14:00:00,12140.0,12200.0,11960.0,11980.0,438482.97611425,5303800989.930141
2021-12-16 15:00:00,11970.0,12130.0,11930.0,12080.0,340585.73894377,4090977446.8746037
2021-12-16 16:00:00,12080.0,12130.0,12030.0,12040.0,189305.11662041,2284430022.589242
2021-12-16 17:00:00,12050.0,12080.0,11980.0,12030.0,259380.33536503,3118032899.965887
2021-12-16 18:00:00,12030.0,12110.0,12020.0,12090.0,116886.67787092,1410679832.5873735
2021-12-16 19:00:00,12090.0,12210.0,12070.0,12140.0,280068.0764804,3398013589.125314
2021-12-16 20:00:00,12140.0,12230.0,12060.0,12200.0,237197.76701986,2877684495.0006166
2021-12-16 21:00:00,12200.0,12200.0,11960.0,12000.0,342884.25957959,4140788768.8385243
2021-12-16 22:00:00,12000.0,12110.0,11870.0,12060.0,480883.13563179,5752331133.336138
2021-12-16 23:00:00,12060.0,12290.0,12000.0,12150.0,307410.13280898,3734529579.1919413
2021-12-17 00:00:00,12150.0,12260.0,12010.0,12230.0,215282.29226919,2613465492.389338
2021-12-17 01:00:00,12220.0,12290.0,12120.0,12180.0,105120.51636879,1284764406.1015646
2021-12-17 02:00:00,12180.0,12650.0,12150.0,12510.0,186789.80613131,2318136537.5670695
2021-12-17 03:00:00,12510.0,12620.0,12050.0,12130.0,138329.02225785,1707683208.6784863
2021-12-17 04:00:00,12130.0,12190.0,11930.0,11950.0,110537.95033644,1327296240.5575304
2021-12-17 05:00:00,11940.0,12140.0,11940.0,12030.0,46411.31168851,559351254.4788328
2021-12-17 06:00:00,12030.0,12070.0,11990.0,12030.0,58950.64362865,708137119.447891
2021-12-17 07:00:00,12040.0,12050.0,11620.0,11700.0,471785.52750182,5550523593.382477
2021-12-17 08:00:00,11710.0,11740.0,11510.0,11590.0,453206.17474883,5261536658.433225
2021-12-17 09:00:00,11590.0,11730.0,11520.0,11610.0,251179.83951122,2915713229.6024356
2021-12-17 10:00:00,11610.0,11690.0,11520.0,11570.0,199876.85965302,2315452783.65737
2021-12-17 11:00:00,11560.0,11640.0,11490.0,11580.0,394253.35708095,4550593875.358483
2021-12-17 12:00:00,11580.0,11610.0,11490.0,11500.0,288271.39185315,3322922363.450359
2021-12-17 13:00:00,11510.0,11580.0,11480.0,11510.0,162757.64984589,1874797453.8070848
2021-12-17 14:00:00,11510.0,11550.0,11490.0,11520.0,163484.47980662,1883529664.2294724
2021-12-17 15:00:00,11510.0,11540.0,11230.0,11270.0,388124.91983528,4427773334.749592
2021-12-17 16:00:00,11270.0,11280.0,11020.0,11110.0,583559.42992665,6494365060.894732
2021-12-17 17:00:00,11110.0,11150.0,11060.0,11130.0,156097.75527802,1736763672.1924236
2021-12-17 18:00:00,11130.0,11130.0,11030.0,11120.0,135021.09417292,1497424155.8902626
2021-12-17 19:00:00,11120.0,11120.0,10910.0,10940.0,292654.60398032,3214090127.6004515
2021-12-17 20:00:00,10930.0,11010.0,10840.0,10890.0,212798.32233887,2323841980.671389
2021-12-17 21:00:00,10890.0,10970.0,10780.0,10830.0,231240.45528967,2514423775.820904
2021-12-17 22:00:00,10830.0,10900.0,10750.0,10760.0,243888.14181204,2641380627.669975
2021-12-17 23:00:00,10760.0,10810.0,10450.0,10630.0,538288.40047414,5705622545.233957
2021-12-18 00:00:00,10630.0,10820.0,10520.0,10740.0,209526.82956532,2237353608.9218693
2021-12-18 01:00:00,10740.0,10950.0,10730.0,10870.0,194349.98330184,2107442344.9613335
2021-12-18 02:00:00,10840.0,10870.0,10630.0,10700.0,100588.83024923,1079142849.87015
2021-12-18 03:00:00,10710.0,10770.0,10670.0,10760.0,38372.52605725,410901731.0686791
2021-12-18 04:00:00,10760.0,10780.0,10610.0,10650.0,75633.71735375,807632341.8124546
2021-12-18 05:00:00,10650.0,10690.0,10550.0,10620.0,50511.24703805,535871476.7798081
2021-12-18 06:00:00,10610.0,10770.0,10610.0,10710.0,50473.25870941,538891824.753984
2021-12-18 07:00:00,10720.0,10740.0,10500.0,10680.0,144284.7736546,1528625524.3954654
2021-12-18 08:00:00,10680.0,10680.0,10560.0,10610.0,126811.51507524,1345781850.2369878
2021-12-18 09:00:00,10610.0,10610.0,10280.0,10370.0,432034.71765764,4489624430.3058
2021-12-18 10:00:00,10370.0,10390.0,10160.0,10220.0,375892.0010981,3851314081.092326
2021-12-18 11:00:00,10200.0,10290.0,10160.0,10220.0,162302.25453801,1659433786.3481727
2021-12-18 12:00:00,10220.0,10400.0,10200.0,10350.0,103467.18499947,1067306457.7466671
2021-12-18 13:00:00,10370.0,10380.0,10280.0,10370.0,75839.07105984,783215119.2827127
2021-12-18 14:00:00,10370.0,10500.0,10330.0,10420.0,93374.81554717,972426210.6240008
2021-12-18 15:00:00,10420.0,10440.0,10300.0,10320.0,58843.3063792,610106375.3720495
2021-12-18 16:00:00,10330.0,10410.0,10310.0,10350.0,34551.77612087,357924938.8670798
2021-12-18 17:00:00,10350.0,10440.0,10320.0,10350.0,62826.58031721,652823402.5185218
2021-12-18 18:00:00,10350.0,10500.0,10340.0,10480.0,69216.00682955,721551103.925326
2021-12-18 19:00:00,10480.0,10650.0,10450.0,10640.0,120707.09080928,1274533174.489784
2021-12-18 20:00:00,10640.0,10640.0,10470.0,10490.0,190466.75943285,2012298905.8197658
2021-12-18 21:00:00,10500.0,10550.0,10410.0,10490.0,67034.59388458,702453101.489992
2021-12-18 22:00:00,10490.0,10510.0,10410.0,10430.0,68319.32473458,714037525.9510899
2021-12-18 23:00:00,10420.0,10540.0,10410.0,10540.0,61177.05462729,640056920.8472276
2021-12-19 00:00:00,10530.0,10550.0,10410.0,10440.0,52218.80544154,547728476.0758141
2021-12-19 01:00:00,10450.0,10610.0,10420.0,10470.0,46590.69228495,490136920.5276712
2021-12-19 02:00:00,10490.0,10520.0,10460.0,10470.0,14635.12896852,153514306.9396602
2021-12-19 03:00:00,10510.0,10570.0,10470.0,10490.0,16300.66669813,171237197.9806247
2021-12-19 04:00:00,10490.0,10520.0,10420.0,10460.0,10048.26639813,105094153.5514168
2021-12-19 05:00:00,10450.0,10500.0,10440.0,10490.0,9054.13255223,94707056.8497148
2021-12-19 06:00:00,10470.0,10570.0,10450.0,10540.0,17844.46340513,187594076.0151067
2021-12-19 07:00:00,10540.0,10540.0,10450.0,10460.0,33858.9220938,355044754.3870532
2021-12-19 08:00:00,10460.0,10530.0,10440.0,10520.0,52612.96902048,551197255.9400443
2021-12-19 09:00:00,10520.0,10830.0,10390.0,10820.0,335504.26198141,3564604704.1851344
2021-12-19 10:00:00,10810.0,10890.0,10620.0,10700.0,329274.78865032,3542085343.937621
2021-12-19 11:00:00,10710.0,10750.0,10590.0,10720.0,96624.89012901,1030304586.0058726
2021-12-19 12:00:00,10730.0,10730.0,10460.0,10560.0,120010.67905216,1272172674.828572
2021-12-19 13:00:00,10560.0,10740.0,10560.0,10720.0,68876.5195935,731982929.0318162
2021-12-19 14:00:00,10730.0,10810.0,10660.0,10780.0,95347.08416788,1022852388.1576387
2021-12-19 15:00:00,10780.0,10800.0,10660.0,10700.0,62257.8726326,668295122.2557405
2021-12-19 16:00:00,10700.0,10840.0,10700.0,10770.0,109411.64918472,1180583847.0772204
2021-12-19 17:00:00,10790.0,10970.0,10790.0,10880.0,188739.90092099,2053867347.3676357
2021-12-19 18:00:00,10880.0,10900.0,10710.0,10870.0,160954.85537057,1736855479.408661
2021-12-19 19:00:00,10870.0,10870.0,10670.0,10790.0,113561.61402468,1223702080.6897612
2021-12-19 20:00:00,10790.0,10830.0,10710.0,10810.0,42169.43085954,454355654.797838
2021-12-19 21:00:00,10810.0,11190.0,10750.0,11120.0,470481.0771631,5197074200.29054
2021-12-19 22:00:00,11120.0,11430.0,11050.0,11340.0,985406.89121328,11132666576.639315
2021-12-19 23:00:00,11340.0,11930.0,11210.0,11680.0,1722895.07545366,20126449719.58735
2021-12-20 00:00:00,11660.0,11900.0,11620.0,11790.0,607486.47726094,7152389262.400133
2021-12-20 01:00:00,11790.0,11960.0,11680.0,11850.0,338539.44046743,4013062494.5011144
2021-12-20 02:00:00,11870.0,12060.0,11810.0,11970.0,314365.84766672,3764827761.7674174
2021-12-20 03:00:00,11970.0,11970.0,11710.0,11830.0,205366.99226697,2431603544.3646026
2021-12-20 04:00:00,11820.0,11830.0,11510.0,11550.0,207288.03215401,2412849904.971054
2021-12-20 05:00:00,11550.0,11570.0,11420.0,11450.0,114956.89139149,1319157499.9100616
2021-12-20 06:00:00,11430.0,11450.0,11260.0,11310.0,168606.67990217,1912723137.3825026
2021-12-20 07:00:00,11320.0,11440.0,11210.0,11430.0,253577.39585012,2878836283.247153
2021-12-20 08:00:00,11430.0,11430.0,11140.0,11240.0,282791.12416813,3194562423.226254
2021-12-20 09:00:00,11250.0,11280.0,10900.0,11190.0,396915.16044129,4404364796.377161
2021-12-20 10:00:00,11180.0,11300.0,11020.0,11180.0,158515.40824994,1769555765.98896
2021-12-20 11:00:00,11190.0,11200.0,11040.0,11090.0,106209.10528505,1181132416.8439295
2021-12-20 12:00:00,11080.0,11130.0,10960.0,11030.0,115297.78164496,1271911929.5338013
2021-12-20 13:00:00,11040.0,11080.0,10950.0,11000.0,64891.84898513,713553450.0215884
2021-12-20 14:00:00,11000.0,11040.0,10720.0,10760.0,147179.32843629,1597834816.114184
2021-12-20 15:00:00,10760.0,10800.0,10660.0,10750.0,115433.20781117,1238838467.464241
2021-12-20 16:00:00,10750.0,10980.0,10680.0,10870.0,73596.57062959,796647790.1343008
2021-12-20 17:00:00,10860.0,10890.0,10700.0,10750.0,52688.18627787,569308289.6405525
2021-12-20 18:00:00,10750.0,10790.0,10430.0,10540.0,146239.67967139,1542893341.292811
2021-12-20 19:00:00,10520.0,10700.0,10510.0,10540.0,57399.10359156,608261459.8407387
2021-12-20 20:00:00,10540.0,10670.0,10530.0,10580.0,50314.5739999,533607220.6887829
2021-12-20 21:00:00,10580.0,10590.0,10340.0,10400.0,118808.3794935,1243683462.767938
2021-12-20 22:00:00,10400.0,10510.0,10340.0,10410.0,78546.00656228,819030578.4088979
2021-12-20 23:00:00,10390.0,10570.0,10340.0,10560.0,91414.86238718,951834473.7817713
2021-12-21 00:00:00,10540.0,10570.0,10390.0,10410.0,49477.8656866,518375717.025864
2021-12-21 01:00:00,10390.0,10520.0,10360.0,10490.0,53191.15092479,554223646.4064165
2021-12-21 02:00:00,10490.0,10530.0,10450.0,10450.0,10384.06978253,108953939.8417965
2021-12-21 03:00:00,10450.0,10500.0,10360.0,10430.0,30727.58777085,319889292.8291946
2021-12-21 04:00:00,10400.0,10570.0,10390.0,10530.0,22900.22320516,239928271.5788492
2021-12-21 05:00:00,10540.0,10710.0,10530.0,10600.0,35795.70195867,380237126.0771622
2021-12-21 06:00:00,10630.0,10670.0,10440.0,10440.0,72696.06550858,767058044.9977587
2021-12-21 07:00:00,10430.0,10530.0,10430.0,10510.0,38370.09067393,402002705.7168883
2021-12-21 08:00:00,10500.0,10670.0,10480.0,10500.0,96198.56963944,1015888792.1875893
2021-12-21 09:00:00,10500.0,10950.0,10490.0,10770.0,702844.22435826,7568668512.340357
2021-12-21 10:00:00,10770.0,10840.0,10620.0,10700.0,279049.21051793,2992159725.6054482
2021-12-21 11:00:00,10700.0,10710.0,10560.0,10670.0,118370.90669523,1257686743.532846
2021-12-21 12:00:00,10650.0,10730.0,10600.0,10720.0,107310.75424515,1146729621.862972
2021-12-21 13:00:00,10730.0,10780.0,10660.0,10740.0,126864.93445872,1359821638.7535317
2021-12-21 14:00:00,10740.0,10810.0,10680.0,10730.0,93570.86318667,1005214904.564476
2021-12-21 15:00:00,10770.0,10910.0,10730.0,10810.0,204199.80338814,2208986450.4546437
2021-12-21 16:00:00,10810.0,10830.0,10680.0,10740.0,109357.04382933,1176004811.0055206
2021-12-21 17:00:00,10740.0,10890.0,10720.0,10890.0,165416.10417305,1790395581.75477
2021-12-21 18:00:00,10890.0,10900.0,10760.0,10800.0,51450.19561592,557545339.4217836
2021-12-21 19:00:00,10810.0,10840.0,10740.0,10830.0,65811.59108136,709236955.8397816
2021-12-21 20:00:00,10810.0,10860.0,10760.0,10790.0,45874.30639076,495438427.7664112
2021-12-21 21:00:00,10790.0,10900.0,10770.0,10830.0,101833.93392492,1104555596.440256
2021-12-21 22:00:00,10830.0,10870.0,10760.0,10850.0,49517.9734645,535859447.2323638
2021-12-21 23:00:00,10840.0,10890.0,10770.0,10830.0,53182.92635297,576350109.1375558
2021-12-22 00:00:00,10810.0,10810.0,10590.0,10660.0,56406.44770036,603510198.4086653
2021-12-22 01:00:00,10660.0,10830.0,10660.0,10800.0,26857.60830854,289357321.3157423
2021-12-22 02:00:00,10810.0,10840.0,10730.0,10750.0,9567.8152328,103149962.3241642
2021-12-22 03:00:00,10810.0,10870.0,10750.0,10830.0,11514.52831506,124485452.6383427
2021-12-22 04:00:00,10840.0,10910.0,10790.0,10860.0,17442.59122182,189675762.4195484
2021-12-22 05:00:00,10870.0,11010.0,10860.0,10980.0,37176.50932275,407033941.9424467
2021-12-22 06:00:00,10940.0,11500.0,10940.0,11420.0,237014.64829726,2685922921.8619027
2021-12-22 07:00:00,11430.0,11470.0,11300.0,11310.0,191821.79065522,2184758383.8633766
2021-12-22 08:00:00,11300.0,11390.0,11280.0,11340.0,101439.352883,1150018716.8939548
2021-12-22 09:00:00,11350.0,11370.0,11170.0,11230.0,129182.16987839,1454104327.55837
2021-12-22 10:00:00,11220.0,11250.0,11130.0,11180.0,74584.26173345,835213571.4684266
2021-12-22 11:00:00,11180.0,11920.0,11180.0,11890.0,285614.06417816,3342854289.6096687
2021-12-22 12:00:00,11890.0,11900.0,11410.0,11560.0,185953.87670244,2172450030.159651
2021-12-22 13:00:00,11560.0,11860.0,11500.0,11820.0,142624.96312725,1666495000.6674411
2021-12-22 14:00:00,11810.0,11830.0,11650.0,11720.0,97027.19095099,1138376427.620465
2021-12-22 15:00:00,11710.0,11960.0,11710.0,11930.0,169785.70567024,2017315107.727964
2021-12-22 16:00:00,11930.0,12330.0,11860.0,12140.0,376297.92579078,4555376097.335515
2021-12-22 17:00:00,12190.0,12210.0,12040.0,12080.0,278766.33735658,3374956662.703583
2021-12-22 18:00:00,12080.0,12850.0,12060.0,12700.0,727577.07384165,9085672670.303707
2021-12-22 19:00:00,12700.0,13550.0,12660.0,13440.0,2807316.00559118,36801752148.86733
2021-12-22 20:00:00,13440.0,13450.0,13040.0,13200.0,2161669.64130715,28664536156.708927
2021-12-22 21:00:00,13190.0,13320.0,12840.0,12980.0,1139217.11496331,14880707350.744038
2021-12-22 22:00:00,12990.0,13360.0,12970.0,13270.0,851294.1378427,11213190220.188606
2021-12-22 23:00:00,13270.0,14280.0,13190.0,14010.0,3037149.41285074,42177822028.94964
2021-12-23 00:00:00,14010.0,14100.0,13820.0,13990.0,1420531.33129076,19841419077.07721
2021-12-23 01:00:00,13990.0,14480.0,13970.0,14140.0,1389508.84512904,19735692438.851532
2021-12-23 02:00:00,14140.0,14150.0,13590.0,13600.0,515384.27665554,7142696197.281468
2021-12-23 03:00:00,13600.0,13730.0,13410.0,13570.0,307633.04342539,4165153730.077024
2021-12-23 04:00:00,13570.0,13820.0,13490.0,13760.0,215702.3719275,2942772567.5645914
2021-12-23 05:00:00,13760.0,14160.0,13660.0,14020.0,399280.96433411,5580366704.536846
2021-12-23 06:00:00,14010.0,14020.0,13470.0,13500.0,456716.04768956,6244037713.051717
2021-12-23 07:00:00,13500.0,14000.0,13500.0,13840.0,511210.80938876,7021793467.902379
2021-12-23 08:00:00,13830.0,13840.0,13080.0,13330.0,1041403.85033147,13915355481.738558
2021-12-23 09:00:00,13320.0,15080.0,13170.0,14610.0,5190479.10742378,74437161163.9468
2021-12-23 10:00:00,14590.0,15340.0,14510.0,15260.0,2429745.41584537,36281507566.06109
2021-12-23 11:00:00,15260.0,15450.0,15100.0,15280.0,1673250.37744165,25591617090.980045
2021-12-23 12:00:00,15280.0,16000.0,15230.0,15790.0,2380638.64537558,37465661020.30858
2021-12-23 13:00:00,15770.0,15870.0,15270.0,15280.0,1814798.67123915,28136660170.340378
2021-12-23 14:00:00,15270.0,15820.0,15210.0,15730.0,1188853.71883743,18492018270.933422
2021-12-23 15:00:00,15730.0,15890.0,15350.0,15520.0,1034577.54955392,16142914726.541555
2021-12-23 16:00:00,15520.0,15540.0,14830.0,15100.0,1418991.84099778,21504969843.18765
2021-12-23 17:00:00,15100.0,16480.0,14980.0,16360.0,3094407.92403562,49224533616.41542
2021-12-23 18:00:00,16370.0,17300.0,16090.0,16880.0,4582060.1465464,76531837388.57234
2021-12-23 19:00:00,16870.0,17110.0,16570.0,16930.0,3067809.81520554,51843944870.82611
2021-12-23 20:00:00,16930.0,17010.0,16370.0,16610.0,1949410.93382206,32421552955.04998
2021-12-23 21:00:00,16620.0,17540.0,16600.0,17240.0,5269639.85268766,90789767655.36325
2021-12-23 22:00:00,17240.0,17580.0,17060.0,17170.0,2652863.7512198,45932515263.66804
2021-12-23 23:00:00,17170.0,17190.0,16520.0,16750.0,2030347.08719095,34137653371.49784
2021-12-24 00:00:00,16750.0,16920.0,16480.0,16610.0,1276525.12746952,21315402686.22275
2021-12-24 01:00:00,16610.0,16650.0,15950.0,16120.0,1908346.56808193,30908864774.420486
2021-12-24 02:00:00,16120.0,16610.0,15940.0,16600.0,1199242.83609313,19424477566.175835
2021-12-24 03:00:00,16590.0,16970.0,16270.0,16350.0,1441250.34890482,24017353844.52229
2021-12-24 04:00:00,16350.0,17100.0,16330.0,17020.0,730883.41061239,12210891836.341127
2021-12-24 05:00:00,17050.0,17060.0,16380.0,16440.0,762433.32543489,12680745140.018227
2021-12-24 06:00:00,16440.0,16640.0,16310.0,16530.0,537855.42197193,8857839404.4477
2021-12-24 07:00:00,16550.0,16560.0,16010.0,16180.0,1257455.14633275,20396936558.54167
2021-12-24 08:00:00,16180.0,16860.0,16180.0,16640.0,1351083.83537135,22386082723.62239
2021-12-24 09:00:00,16650.0,18610.0,16610.0,17430.0,10791663.92426833,191464606808.6839
2021-12-24 10:00:00,17430.0,17500.0,16960.0,17040.0,2330107.43907035,40006786023.5365
2021-12-24 11:00:00,17040.0,17250.0,16440.0,16950.0,3038697.25015023,51119502263.29649
2021-12-24 12:00:00,16940.0,16970.0,16450.0,16900.0,1310931.48372653,21892301726.505753
2021-12-24 13:00:00,16910.0,17150.0,16700.0,17040.0,999789.21976195,16944403705.818087
2021-12-24 14:00:00,17040.0,17600.0,16850.0,17490.0,1391465.46701223,23972111207.13259
2021-12-24 15:00:00,17490.0,18140.0,17290.0,17840.0,3890401.15107624,69158969933.87546
2021-12-24 16:00:00,17840.0,17970.0,17510.0,17690.0,1934362.0519273,34324820109.188034
2021-12-24 17:00:00,17690.0,17770.0,17290.0,17540.0,1575362.06273883,27580289777.29637
2021-12-24 18:00:00,17540.0,18010.0,17460.0,17730.0,1482897.39482423,26356336456.388577
2021-12-24 19:00:00,17730.0,18000.0,17650.0,17690.0,1551264.47945555,27651313096.321095
2021-12-24 20:00:00,17690.0,17920.0,17470.0,17700.0,1272505.61398412,22599424290.994972
2021-12-24 21:00:00,17700.0,17900.0,17530.0,17840.0,924002.47864567,16394009859.545074
2021-12-24 22:00:00,17840.0,18940.0,17790.0,18890.0,6008121.68709984,110872692549.10118
2021-12-24 23:00:00,18890.0,19400.0,18600.0,18660.0,5532337.76879681,105560769632.65984
2021-12-25 00:00:00,18670.0,19090.0,18320.0,18780.0,3855392.29937538,72173569656.87538
2021-12-25 01:00:00,18790.0,19370.0,18600.0,18900.0,2340994.76577958,44496500234.581825
2021-12-25 02:00:00,18910.0,19250.0,18710.0,18970.0,941197.25469111,17811972501.590454
2021-12-25 03:00:00,18970.0,19000.0,18160.0,18250.0,1002942.26341539,18581085518.371452
2021-12-25 04:00:00,18250.0,18560.0,18240.0,18540.0,465279.31994283,8571185000.237332
2021-12-25 05:00:00,18540.0,18820.0,18410.0,18710.0,457956.04155403,8551765759.368837
2021-12-25 06:00:00,18750.0,19000.0,18570.0,18680.0,568126.02650975,10664775140.061808
2021-12-25 07:00:00,18680.0,18840.0,17900.0,18230.0,1224875.27692354,22476250345.65073
2021-12-25 08:00:00,18240.0,18390.0,17770.0,18380.0,1634358.73505396,29617333586.30854
2021-12-25 09:00:00,18390.0,19200.0,18190.0,18860.0,4596094.51544563,86509425781.84218
2021-12-25 10:00:00,18860.0,18990.0,18220.0,18390.0,1660432.52247306,30864420137.551296
2021-12-25 11:00:00,18400.0,18550.0,18000.0,18000.0,1083185.53487491,19768032476.58665
2021-12-25 12:00:00,18010.0,18200.0,17790.0,17860.0,1347977.44938645,24269120978.38594
2021-12-25 13:00:00,17860.0,18050.0,17550.0,17680.0,1334891.44971329,23725560213.903835
2021-12-25 14:00:00,17670.0,17750.0,17440.0,17680.0,1291628.45184159,22711514795.043736
2021-12-25 15:00:00,17680.0,17750.0,17500.0,17590.0,736309.87373996,12980946666.44153
2021-12-25 16:00:00,17590.0,17870.0,17330.0,17730.0,1644411.88033125,28861279251.081406
2021-12-25 17:00:00,17730.0,17880.0,17440.0,17860.0,1182004.01482013,20832336917.784775
2021-12-25 18:00:00,17860.0,18740.0,17770.0,18560.0,4613419.68971351,85066784602.62247
2021-12-25 19:00:00,18560.0,18600.0,17970.0,18170.0,1815755.22805482,33130180246.85195
2021-12-25 20:00:00,18160.0,18430.0,18110.0,18320.0,928759.43314564,16981492743.52151
2021-12-25 21:00:00,18320.0,18520.0,18260.0,18350.0,1187406.22194188,21845450934.16223
2021-12-25 22:00:00,18360.0,18370.0,18110.0,18270.0,1068651.89370837,19478694114.88016
2021-12-25 23:00:00,18270.0,18300.0,18000.0,18130.0,707952.76106775,12824778426.480236
2021-12-26 00:00:00,18160.0,18160.0,17720.0,17750.0,892080.95270401,15946656966.098776
2021-12-26 01:00:00,17750.0,17910.0,17650.0,17870.0,475962.59259377,8462949216.084225
2021-12-26 02:00:00,17880.0,18090.0,17640.0,17990.0,441927.36070447,7895708733.5957575
2021-12-26 03:00:00,18000.0,18330.0,17930.0,18240.0,339167.38508018,6169612809.883783
2021-12-26 04:00:00,18220.0,18260.0,18050.0,18250.0,177863.2722597,3232833140.2331166
2021-12-26 05:00:00,18250.0,18400.0,18140.0,18220.0,283067.21336836,5170655658.270521
2021-12-26 06:00:00,18220.0,18380.0,18100.0,18220.0,237064.13083459,4322983079.807817
2021-12-26 07:00:00,18230.0,18450.0,18230.0,18420.0,525238.53977836,9658309395.663548
2021-12-26 08:00:00,18420.0,18470.0,18180.0,18450.0,654677.87245859,12012679649.51287
2021-12-26 09:00:00,18440.0,19060.0,17900.0,18070.0,3362271.02496947,62033631407.01978
2021-12-26 10:00:00,18060.0,18180.0,17970.0,18130.0,472526.59388873,8540449780.8477
2021-12-26 11:00:00,18120.0,18280.0,17860.0,18010.0,937103.62248248,16915191182.76777
2021-12-26 12:00:00,18010.0,18010.0,17680.0,17830.0,737484.57712398,13170320187.71199
2021-12-26 13:00:00,17830.0,17970.0,17730.0,17920.0,371633.85354533,6648774903.093908
2021-12-26 14:00:00,17920.0,18090.0,17890.0,17920.0,312682.68929135,5624777084.598478
2021-12-26 15:00:00,17920.0,18000.0,17850.0,17890.0,175013.21295343,3134343265.7242694
2021-12-26 16:00:00,17880.0,17890.0,17750.0,17820.0,330590.80214513,5888000852.744476
2021-12-26 17:00:00,17820.0,17990.0,17770.0,17830.0,279010.92972182,4981394709.6901865
2021-12-26 18:00:00,17830.0,17930.0,17800.0,17860.0,221215.49700722,3951150600.2010455
2021-12-26 19:00:00,17860.0,17880.0,17810.0,17840.0,219622.41577081,3917654831.5609365
2021-12-26 20:00:00,17840.0,18150.0,17810.0,17990.0,823718.47230608,14794899997.233805
2021-12-26 21:00:00,17980.0,18140.0,17900.0,18010.0,506169.56165711,9115708943.78836
2021-12-26 22:00:00,18000.0,18440.0,17960.0,18380.0,940760.37424505,17121971360.041113
2021-12-26 23:00:00,18380.0,18880.0,18240.0,18580.0,3098158.71302807,57814136767.00215
2021-12-27 00:00:00,18580.0,18880.0,18510.0,18530.0,948980.83774848,17743039206.883335
2021-12-27 01:00:00,18520.0,18950.0,18520.0,18890.0,438291.04302777,8213635554.879743
2021-12-27 02:00:00,18900.0,19100.0,18740.0,19070.0,545259.56885772,10314052015.542349
2021-12-27 03:00:00,19070.0,19350.0,19060.0,19140.0,640278.65169582,12305893761.521118
2021-12-27 04:00:00,19140.0,19190.0,18950.0,19010.0,204431.24167694,3899936683.910088
2021-12-27 05:00:00,19040.0,19470.0,18890.0,19300.0,446692.73706265,8592942345.609756
2021-12-27 06:00:00,19290.0,19430.0,19150.0,19270.0,543395.54667944,10484000064.655733
2021-12-27 07:00:00,19270.0,19300.0,19060.0,19210.0,525306.52940497,10082776952.313963
2021-12-27 08:00:00,19210.0,19690.0,19110.0,19600.0,1159871.3768999,22522327440.122593
2021-12-27 09:00:00,19590.0,19890.0,19060.0,19210.0,2641292.68182665,51364138235.28426
2021-12-27 10:00:00,19200.0,19250.0,18840.0,19010.0,962836.94293412,18307577113.827747
2021-12-27 11:00:00,19010.0,19060.0,18910.0,18940.0,376080.03382392,7138744477.31418
2021-12-27 12:00:00,18940.0,19030.0,18910.0,19010.0,353871.13046444,6712288449.009904
2021-12-27 13:00:00,19000.0,19020.0,18730.0,18790.0,628427.35818326,11850308209.184065
2021-12-27 14:00:00,18790.0,18830.0,18670.0,18750.0,498097.42890243,9338936371.015472
2021-12-27 15:00:00,18750.0,18810.0,18570.0,18810.0,675974.90894038,12618712627.7795
2021-12-27 16:00:00,18810.0,18840.0,18600.0,18640.0,415269.66580697,7763799782.527039
2021-12-27 17:00:00,18640.0,18660.0,18410.0,18410.0,739846.1943749,13700735929.810753
2021-12-27 18:00:00,18410.0,18670.0,18400.0,18590.0,576033.59127042,10672774196.185284
2021-12-27 19:00:00,18600.0,18600.0,18440.0,18460.0,377391.62343247,6983239674.799359
2021-12-27 20:00:00,18460.0,18470.0,18330.0,18370.0,736881.84964127,13555694550.720224
2021-12-27 21:00:00,18370.0,18630.0,18350.0,18520.0,935135.246907,17298105065.439957
2021-12-27 22:00:00,18530.0,18630.0,18410.0,18560.0,791080.57369997,14642394721.457874
2021-12-27 23:00:00,18560.0,18610.0,18480.0,18560.0,690278.67047418,12787181716.794416
2021-12-28 00:00:00,18560.0,18600.0,18510.0,18520.0,262617.80947628,4875559519.263267
2021-12-28 01:00:00,18510.0,18550.0,18380.0,18510.0,302417.20793289,5584672274.725663
2021-12-28 02:00:00,18520.0,18530.0,18400.0,18450.0,133356.65963098,2460800500.0209985
2021-12-28 03:00:00,18450.0,18450.0,18000.0,18140.0,569260.17388426,10349950736.672668
2021-12-28 04:00:00,18140.0,18210.0,17930.0,18070.0,271519.02589856,4900418004.609537
2021-12-28 05:00:00,18050.0,18190.0,18040.0,18110.0,184585.98914743,3342544306.669778
2021-12-28 06:00:00,18130.0,18350.0,18120.0,18220.0,231242.93075301,4219598877.339081
2021-12-28 07:00:00,18220.0,18280.0,17700.0,17970.0,829285.0861455,14898352477.415466
2021-12-28 08:00:00,17960.0,18030.0,17730.0,17950.0,782231.68716989,13979523462.349699
2021-12-28 09:00:00,17960.0,18060.0,17150.0,17480.0,2698256.71687701,47172847385.603836
2021-12-28 10:00:00,17480.0,17540.0,17200.0,17270.0,746459.93348637,12938590589.516685
2021-12-28 11:00:00,17280.0,17410.0,16940.0,17000.0,788997.67180105,13530799848.694393
2021-12-28 12:00:00,17000.0,17010.0,16640.0,16950.0,1235800.02928111,20756475801.042336
2021-12-28 13:00:00,16950.0,17090.0,16630.0,17000.0,905652.46454672,15270203980.576899
2021-12-28 14:00:00,17000.0,17550.0,16950.0,17470.0,972065.20449491,16737356253.630035
2021-12-28 15:00:00,17470.0,18050.0,17340.0,17520.0,2520320.9998719,44670182408.821396
2021-12-28 16:00:00,17530.0,17750.0,17210.0,17490.0,1144899.59737196,19963104458.510124
2021-12-28 17:00:00,17500.0,17690.0,17320.0,17530.0,653727.89545883,11464819310.185448
2021-12-28 18:00:00,17520.0,17550.0,17130.0,17210.0,447791.27383178,7750312815.224149
2021-12-28 19:00:00,17210.0,17420.0,17150.0,17250.0,290799.52522735,5034132679.683429
2021-12-28 20:00:00,17250.0,17570.0,17240.0,17550.0,363847.24262156,6340403505.555401
2021-12-28 21:00:00,17550.0,17570.0,17280.0,17280.0,342244.0634407,5966549055.427231
2021-12-28 22:00:00,17300.0,17400.0,17150.0,17170.0,368936.03625032,6371533587.861743
2021-12-28 23:00:00,17160.0,17190.0,16800.0,17080.0,713909.29773048,12134618254.690739
2021-12-29 00:00:00,17080.0,17190.0,16990.0,17070.0,199291.08703814,3402570363.5667977
2021-12-29 01:00:00,17060.0,17090.0,16700.0,16910.0,376915.50477036,6353667046.823607
2021-12-29 02:00:00,16910.0,16930.0,16500.0,16600.0,366938.18322164,6110638284.241238
2021-12-29 03:00:00,16600.0,16630.0,16250.0,16380.0,309661.1365357,5097932543.879142
2021-12-29 04:00:00,16390.0,16470.0,16140.0,16310.0,326990.39178733,5325213071.762902
2021-12-29 05:00:00,16300.0,16540.0,16230.0,16370.0,190942.54623221,3130144133.9385047
2021-12-29 06:00:00,16360.0,16370.0,16000.0,16070.0,340166.35894174,5504349052.528514
2021-12-29 07:00:00,16070.0,16290.0,15880.0,16230.0,500282.82093039,8046394707.432533
2021-12-29 08:00:00,16230.0,16550.0,16130.0,16350.0,419609.60058227,6867920927.943303
2021-12-29 09:00:00,16340.0,16880.0,16150.0,16730.0,1478987.17422152,24465962231.192066
2021-12-29 10:00:00,16720.0,16750.0,16320.0,16420.0,421165.55038274,6964505123.220702
2021-12-29 11:00:00,16420.0,16570.0,16350.0,16450.0,295456.12697282,4862417596.395359
2021-12-29 12:00:00,16450.0,16720.0,16410.0,16430.0,348894.02669992,5782082374.285339
2021-12-29 13:00:00,16450.0,16520.0,16190.0,16200.0,420806.24513361,6865316000.583146
2021-12-29 14:00:00,16190.0,16250.0,15910.0,16030.0,432798.81857863,6964391914.77151
2021-12-29 15:00:00,16030.0,16430.0,16010.0,16350.0,402583.8614779,6543888202.311097
2021-12-29 16:00:00,16350.0,16380.0,15930.0,15960.0,376208.49397178,6066269086.591944
2021-12-29 17:00:00,15970.0,16410.0,15930.0,16410.0,206314.20210776,3339499653.989601
2021-12-29 18:00:00,16400.0,16600.0,16120.0,16520.0,497425.35433452,8156212042.603479
2021-12-29 19:00:00,16510.0,16730.0,16350.0,16650.0,525084.16683501,8686608598.239773
2021-12-29 20:00:00,16680.0,16840.0,16430.0,16570.0,546194.48125335,9062828374.424145
2021-12-29 21:00:00,16570.0,17410.0,16160.0,17140.0,2916734.47421077,49309301272.02978
2021-12-29 22:00:00,17140.0,17520.0,16770.0,17260.0,3014228.89989109,51858316614.087456
2021-12-29 23:00:00,17250.0,17950.0,17160.0,17870.0,2732942.01019343,48260616728.50245
2021-12-30 00:00:00,17880.0,17880.0,17550.0,17850.0,883416.49164666,15657087442.516748
2021-12-30 01:00:00,17850.0,17890.0,17650.0,17720.0,375337.29113147,6667818717.741011
2021-12-30 02:00:00,17700.0,17760.0,17350.0,17400.0,265446.36123725,4658384992.404578
2021-12-30 03:00:00,17390.0,17840.0,17300.0,17710.0,284861.42980833,5005440980.37356
2021-12-30 04:00:00,17700.0,17970.0,17490.0,17680.0,335182.7784923,5945437546.018898
2021-12-30 05:00:00,17650.0,17950.0,17560.0,17850.0,213236.1000988,3793498919.040296
2021-12-30 06:00:00,17890.0,17930.0,17530.0,17610.0,260404.51343478,4600897052.534646
2021-12-30 07:00:00,17610.0,17890.0,17430.0,17870.0,357499.67612757,6310702127.626008
2021-12-30 08:00:00,17870.0,18500.0,17540.0,18330.0,2412912.34467906,43814814096.07689
2021-12-30 09:00:00,18340.0,18480.0,17250.0,17820.0,3065872.53890502,54404709670.69848
2021-12-30 10:00:00,17820.0,18750.0,17620.0,18630.0,1775625.38620618,32425129116.665222
2021-12-30 11:00:00,18630.0,19000.0,17980.0,18140.0,2297767.09600769,42541112459.873245
2021-12-30 12:00:00,18140.0,18430.0,17930.0,18070.0,835534.72343356,15203235756.000294
2021-12-30 13:00:00,18090.0,18330.0,17660.0,17680.0,843535.2708355,15146620241.352705
2021-12-30 14:00:00,17670.0,18170.0,17670.0,18050.0,476798.37203259,8558076827.68357
2021-12-30 15:00:00,18050.0,18340.0,17780.0,18240.0,585029.28124854,10554486734.069212
2021-12-30 16:00:00,18240.0,18750.0,18150.0,18550.0,1335690.09077633,24641202502.052982
2021-12-30 17:00:00,18550.0,18720.0,18200.0,18240.0,907979.93749531,16770557717.995638
2021-12-30 18:00:00,18240.0,18580.0,18240.0,18420.0,453803.12585415,8366664412.312876
2021-12-30 19:00:00,18420.0,18760.0,18350.0,18570.0,779804.31944925,14499775760.958744
2021-12-30 20:00:00,18560.0,18590.0,18130.0,18520.0,998872.74949173,18392011576.112522
2021-12-30 21:00:00,18500.0,18760.0,18330.0,18560.0,1033130.46902565,19195087354.18935
2021-12-30 22:00:00,18560.0,18560.0,18080.0,18090.0,745008.71695765,13654187553.14175
2021-12-30 23:00:00,18110.0,18220.0,17770.0,17940.0,961430.20353928,17268127842.772327
2021-12-31 00:00:00,17930.0,18260.0,17930.0,18190.0,348000.36186686,6297800493.088973
2021-12-31 01:00:00,18180.0,18460.0,18140.0,18340.0,447099.22621565,8196874729.722541
2021-12-31 02:00:00,18330.0,18360.0,18020.0,18170.0,177173.59107399,3221531486.579244
2021-12-31 03:00:00,18170.0,18440.0,18070.0,18310.0,161036.63385611,2943636714.189963
2021-12-31 04:00:00,18310.0,18360.0,18150.0,18240.0,85384.54489324,1558934857.067713
2021-12-31 05:00:00,18240.0,18600.0,18150.0,18210.0,272216.16266933,4999625951.285145
2021-12-31 06:00:00,18230.0,18550.0,18100.0,18490.0,246993.32114742,4540160253.849948
2021-12-31 07:00:00,18460.0,18500.0,18220.0,18400.0,270412.41851416,4968610150.432645
2021-12-31 08:00:00,18390.0,18850.0,18350.0,18780.0,995393.74907694,18599221358.1324
2021-12-31 09:00:00,18790.0,19120.0,18560.0,18840.0,1918648.77186433,36176233378.15654
2021-12-31 10:00:00,18840.0,19040.0,18640.0,18850.0,746406.07389459,14064081998.606188
2021-12-31 11:00:00,18860.0,18920.0,18700.0,18870.0,539647.12461828,10157126471.438223
2021-12-31 12:00:00,18860.0,18870.0,18520.0,18620.0,733459.46860322,13690556970.70889
2021-12-31 13:00:00,18610.0,18710.0,18430.0,18660.0,494929.15410881,9190726253.641472
2021-12-31 14:00:00,18650.0,18690.0,18490.0,18530.0,256829.6726448,4763226079.060673
2021-12-31 15:00:00,18530.0,18680.0,18510.0,18530.0,238691.36696864,4435805276.00893
2021-12-31 16:00:00,18530.0,18580.0,18230.0,18440.0,482654.33293021,8877872436.150312
2021-12-31 17:00:00,18440.0,18870.0,18330.0,18750.0,734612.33867587,13698744122.157661
2021-12-31 18:00:00,18720.0,18850.0,18610.0,18690.0,510424.08649055,9565407410.844221
2021-12-31 19:00:00,18690.0,18760.0,18600.0,18640.0,214862.2672482,4015589027.5240355
2021-12-31 20:00:00,18630.0,18720.0,18620.0,18690.0,156879.07491919,2930721572.68626
2021-12-31 21:00:00,18680.0,18930.0,18630.0,18810.0,487993.42252159,9180844921.314533
2021-12-31 22:00:00,18810.0,19100.0,18760.0,18940.0,526501.13358862,9973361357.906815
2021-12-31 23:00:00,18940.0,19020.0,18790.0,18940.0,308968.80726543,5843958580.018963
2022-01-01 00:00:00,18930.0,18940.0,18630.0,18660.0,338572.06684836,6354907823.307097
2022-01-01 01:00:00,18660.0,18700.0,18370.0,18400.0,287450.65358486,5335366933.580103
2022-01-01 02:00:00,18390.0,18390.0,18390.0,18390.0,217.50951604,3999999.9999756
2022-01-01 05:00:00,18390.0,18390.0,17500.0,17710.0,156232.35735649,2809913797.8312845
2022-01-01 06:00:00,17710.0,18020.0,17500.0,17980.0,706979.8757541,12578610209.15072
2022-01-01 07:00:00,17980.0,18170.0,17850.0,17960.0,358258.65665685,6445825674.041143
2022-01-01 08:00:00,17950.0,18160.0,17910.0,17990.0,301791.3426628,5442955282.399425
2022-01-01 09:00:00,17990.0,18290.0,17900.0,17970.0,675033.56857948,12215515514.249933
2022-01-01 10:00:00,17960.0,18120.0,17910.0,18030.0,319752.4313889,5765018859.716569
2022-01-01 11:00:00,18030.0,18120.0,18010.0,18020.0,152455.27734331,2751902542.524113
2022-01-01 12:00:00,18020.0,18060.0,18010.0,18010.0,124556.13028715,2246377678.455959
2022-01-01 13:00:00,18010.0,18020.0,17800.0,17920.0,298625.28272364,5348675887.7019
2022-01-01 14:00:00,17930.0,18150.0,17880.0,18020.0,235457.27607849,4248421023.707866
2022-01-01 15:00:00,18030.0,18110.0,18000.0,18020.0,89379.83376066,1613486348.9748893
2022-01-01 16:00:00,18020.0,18070.0,17990.0,18030.0,81584.44506894,1471499361.4711998
2022-01-01 17:00:00,18030.0,18040.0,17920.0,17930.0,135157.67448767,2430795035.549534
2022-01-01 18:00:00,17930.0,17950.0,17850.0,17900.0,192459.75685722,3445863997.70203
2022-01-01 19:00:00,17900.0,17960.0,17750.0,17810.0,289906.52211868,5173325943.711969
2022-01-01 20:00:00,17810.0,17850.0,17690.0,17720.0,204766.83274015,3634423794.928397
2022-01-01 21:00:00,17720.0,17960.0,17700.0,17930.0,290681.18858871,5186251719.096581
2022-01-01 22:00:00,17920.0,18100.0,17830.0,17920.0,329058.67756442,5917318091.007927
2022-01-01 23:00:00,17910.0,17940.0,17750.0,17760.0,168870.69194673,3010314570.2569437
2022-01-02 00:00:00,17760.0,17970.0,17740.0,17830.0,139950.43659024,2498752903.9973397
2022-01-02 01:00:00,17830.0,17950.0,17810.0,17850.0,66670.91654035,1192508814.3937645
2022-01-02 02:00:00,17850.0,18230.0,17840.0,18230.0,204374.56524524,3690708369.678668
2022-01-02 03:00:00,18230.0,18350.0,18050.0,18300.0,179824.20294072,3274651013.5881867
2022-01-02 04:00:00,18320.0,18500.0,18300.0,18350.0,182155.30407183,3350787202.1127343
2022-01-02 05:00:00,18350.0,18500.0,18240.0,18460.0,118846.88806733,2181909778.3634453
2022-01-02 06:00:00,18460.0,18590.0,18290.0,18310.0,147317.20442103,2715759490.2897487
2022-01-02 07:00:00,18310.0,18330.0,18140.0,18290.0,132885.69607255,2423229082.9084105
2022-01-02 08:00:00,18300.0,18450.0,18220.0,18440.0,213120.80741815,3913182138.2613473
2022-01-02 09:00:00,18440.0,18440.0,18150.0,18300.0,510299.81355546,9309466237.902878
2022-01-02 10:00:00,18300.0,18600.0,18250.0,18410.0,505096.20933337,9302953211.25277
2022-01-02 11:00:00,18400.0,18530.0,18270.0,18360.0,352971.91891984,6497486344.378241
2022-01-02 12:00:00,18360.0,18370.0,18190.0,18270.0,191763.56276598,3503261809.8857775
2022-01-02 13:00:00,18270.0,18290.0,18010.0,18060.0,340654.40269409,6179282806.696503
2022-01-02 14:00:00,18060.0,18220.0,18030.0,18200.0,113174.54788057,2053108938.3006485
2022-01-02 15:00:00,18200.0,18240.0,18130.0,18140.0,98894.57016167,1798359957.3240697
2022-01-02 16:00:00,18140.0,18220.0,18070.0,18080.0,144655.3395594,2625096101.298975
2022-01-02 17:00:00,18070.0,18080.0,17760.0,17950.0,570468.00283521,10224855547.230082
2022-01-02 18:00:00,17950.0,18030.0,17850.0,17860.0,335860.21095504,6024116794.401085
2022-01-02 19:00:00,17870.0,17900.0,17800.0,17810.0,268063.85785522,4782498839.867579
2022-01-02 20:00:00,17820.0,17950.0,17760.0,17830.0,220111.01419097,3930655317.9173293
2022-01-02 21:00:00,17820.0,17830.0,17640.0,17760.0,510279.473744,9041814540.698849
2022-01-02 22:00:00,17760.0,17770.0,17510.0,17530.0,601622.40235269,10604917601.426153
2022-01-02 23:00:00,17540.0,17600.0,17410.0,17490.0,594032.31131366,10411979536.773355
2022-01-03 00:00:00,17490.0,17760.0,17450.0,17590.0,798106.60564614,14057560567.024572
2022-01-03 01:00:00,17590.0,17780.0,17580.0,17760.0,191959.08131129,3391180000.248678
2022-01-03 02:00:00,17770.0,17870.0,17620.0,17690.0,149475.6644285,2652034262.4819736
2022-01-03 03:00:00,17700.0,17730.0,17560.0,17700.0,80464.94440372,1419564380.4967034
2022-01-03 04:00:00,17700.0,17730.0,17560.0,17580.0,48873.30058834,860552574.5802057
2022-01-03 05:00:00,17580.0,17580.0,17410.0,17490.0,158002.63479123,2758991750.3232737
2022-01-03 06:00:00,17490.0,17570.0,17440.0,17470.0,77381.58820346,1355320281.2900133
2022-01-03 07:00:00,17470.0,17620.0,17450.0,17540.0,137828.69543497,2413567767.378828
2022-01-03 08:00:00,17530.0,17580.0,17480.0,17520.0,174283.57788886,3055592766.0068808
2022-01-03 09:00:00,17520.0,17530.0,17170.0,17230.0,726373.20623534,12565746756.517353
2022-01-03 10:00:00,17230.0,17470.0,17200.0,17470.0,209051.29078659,3624768152.6691155
2022-01-03 11:00:00,17460.0,17490.0,17250.0,17360.0,177190.4480153,3072411685.407877
2022-01-03 12:00:00,17360.0,17420.0,16970.0,17030.0,249776.12891774,4284945616.267738
2022-01-03 13:00:00,17040.0,17200.0,17000.0,17100.0,178693.64578623,3052487237.6070857
2022-01-03 14:00:00,17100.0,17180.0,16960.0,17110.0,150875.48369336,2573149651.6052175
2022-01-03 15:00:00,17130.0,17180.0,17040.0,17060.0,190744.78682253,3264328293.315876
2022-01-03 16:00:00,17060.0,17140.0,17000.0,17080.0,103566.37332987,1768242479.6029544
2022-01-03 17:00:00,17120.0,17310.0,17120.0,17210.0,150031.08725948,2585035786.3387194
2022-01-03 18:00:00,17210.0,17290.0,17090.0,17250.0,138536.428729,2381463174.20195
2022-01-03 19:00:00,17230.0,17920.0,17220.0,17720.0,963561.11661138,17012633311.31557
2022-01-03 20:00:00,17720.0,17870.0,17600.0,17730.0,374355.97238534,6633713882.460749
2022-01-03 21:00:00,17730.0,17950.0,17720.0,17740.0,390707.09227165,6969293124.1223345
2022-01-03 22:00:00,17740.0,17920.0,17710.0,17790.0,251060.02205208,4464120769.086741
2022-01-03 23:00:00,17780.0,17900.0,17600.0,17780.0,251340.37235377,4465582956.201001
2022-01-04 00:00:00,17780.0,18420.0,17660.0,18350.0,467253.95295037,8469551643.494868
2022-01-04 01:00:00,18330.0,18560.0,17800.0,17960.0,1152757.88795312,21045436074.94028
2022-01-04 02:00:00,17960.0,18350.0,17960.0,18280.0,245331.106479,4453349524.002582
2022-01-04 03:00:00,18310.0,19100.0,18310.0,19020.0,737442.52339004,13808262148.596504
2022-01-04 04:00:00,19040.0,19100.0,18800.0,18960.0,365198.05576929,6922759422.691486
2022-01-04 05:00:00,18940.0,19170.0,18580.0,18690.0,547630.38455098,10331925872.203236
2022-01-04 06:00:00,18680.0,19100.0,18530.0,19030.0,380766.70703537,7175243180.756746
2022-01-04 07:00:00,19040.0,19730.0,18950.0,19720.0,1394410.22407361,27118260367.532593
2022-01-04 08:00:00,19720.0,20260.0,19550.0,20220.0,1622651.82588463,32259464090.53055
2022-01-04 09:00:00,20230.0,20930.0,19620.0,20500.0,3798182.97598365,76985095161.13191
2022-01-04 10:00:00,20510.0,21040.0,20170.0,20340.0,1497438.65597854,30886238862.519135
2022-01-04 11:00:00,20340.0,20500.0,19900.0,20260.0,926828.57126756,18721371548.224792
2022-01-04 12:00:00,20250.0,20730.0,20200.0,20570.0,593170.82509181,12143581307.740704
2022-01-04 13:00:00,20570.0,21310.0,20350.0,21000.0,1731591.7198028,36287560496.17902
2022-01-04 14:00:00,21000.0,21030.0,20420.0,20700.0,964174.23119391,19919915817.780163
2022-01-04 15:00:00,20710.0,20730.0,20370.0,20420.0,480925.34075926,9874597148.106163
2022-01-04 16:00:00,20430.0,20480.0,20120.0,20450.0,491721.1912655,9977825494.328667
2022-01-04 17:00:00,20440.0,20810.0,20380.0,20600.0,449027.08741834,9261309165.409311
2022-01-04 18:00:00,20610.0,20760.0,20200.0,20250.0,478088.18899997,9774060387.19983
2022-01-04 19:00:00,20250.0,20540.0,20250.0,20440.0,274125.79380939,5587153663.219835
2022-01-04 20:00:00,20440.0,20760.0,20340.0,20650.0,440334.11090514,9059948008.984697
2022-01-04 21:00:00,20660.0,21460.0,20540.0,21210.0,3112499.90410961,65985749400.96244
2022-01-04 22:00:00,21200.0,21570.0,20600.0,20820.0,1795654.71375773,37713470707.772736
2022-01-04 23:00:00,20820.0,21000.0,20550.0,20740.0,623489.37277944,12927881653.911419
2022-01-05 00:00:00,20730.0,21150.0,20640.0,20920.0,594464.51375581,12446230613.627316
2022-01-05 01:00:00,20900.0,21510.0,20630.0,20650.0,1012067.84233697,21381424942.937057
2022-01-05 02:00:00,20690.0,20740.0,20000.0,20050.0,590911.91103371,12034466754.507608
2022-01-05 03:00:00,20080.0,20160.0,19620.0,19720.0,551630.57086929,10958602162.020035
2022-01-05 04:00:00,19740.0,20130.0,19700.0,19840.0,370418.71190521,7379939923.135374
2022-01-05 05:00:00,19880.0,20290.0,19770.0,20120.0,184764.44353955,3718984952.648575
2022-01-05 06:00:00,20120.0,20260.0,19740.0,20230.0,179415.22860711,3598322418.7564063
2022-01-05 07:00:00,20180.0,20330.0,20030.0,20110.0,217629.52905577,4394024751.31678
2022-01-05 08:00:00,20130.0,20250.0,19420.0,19580.0,647301.53759361,12755940356.403383
2022-01-05 09:00:00,19570.0,20180.0,19270.0,20110.0,1077983.44909621,21339072941.7033
2022-01-05 10:00:00,20110.0,20150.0,19760.0,19950.0,272114.73885605,5432131253.882206
2022-01-05 11:00:00,19940.0,20400.0,19930.0,20330.0,348495.67533327,7052543891.901416
2022-01-05 12:00:00,20330.0,20680.0,20300.0,20450.0,451791.68340805,9247761056.921185
2022-01-05 13:00:00,20450.0,20490.0,20130.0,20310.0,251925.05645,5105761870.885006
2022-01-05 14:00:00,20320.0,20330.0,19910.0,20070.0,244002.00319047,4897880635.752904
2022-01-05 15:00:00,20070.0,20250.0,19920.0,20190.0,226152.34953726,4533696495.887906
2022-01-05 16:00:00,20180.0,20320.0,20030.0,20240.0,177329.98579308,3576635211.823627
2022-01-05 17:00:00,20230.0,20320.0,20040.0,20160.0,223447.973759,4502527483.904312
2022-01-05 18:00:00,20160.0,20570.0,20150.0,20360.0,309094.96711167,6292497900.495044
2022-01-05 19:00:00,20360.0,20540.0,20260.0,20360.0,291133.01383399,5934761794.523166
2022-01-05 20:00:00,20360.0,21190.0,20290.0,20830.0,1377863.14335095,28733323163.597523
2022-01-05 21:00:00,20840.0,20950.0,20240.0,20560.0,898583.50686151,18445523901.673035
2022-01-05 22:00:00,20570.0,20840.0,20500.0,20600.0,562151.25310581,11628878555.858156
2022-01-05 23:00:00,20600.0,20770.0,20310.0,20660.0,572218.32665274,11758965361.25459
2022-01-06 00:00:00,20650.0,20710.0,20400.0,20430.0,212611.72143615,4372134357.955094
2022-01-06 01:00:00,20430.0,20700.0,20350.0,20630.0,189465.93827241,3888120933.231036
2022-01-06 02:00:00,20620.0,20770.0,19660.0,19720.0,517097.22946468,10399091146.550499
2022-01-06 03:00:00,19720.0,20120.0,19600.0,19870.0,531123.24986137,10569517075.89799
2022-01-06 04:00:00,19870.0,19900.0,18920.0,19070.0,579769.02633013,11232199580.408781
2022-01-06 05:00:00,19080.0,19270.0,18630.0,18800.0,731069.99505696,13865744419.407818
2022-01-06 06:00:00,18800.0,19120.0,18450.0,18570.0,616181.05800798,11530917776.257063
2022-01-06 07:00:00,18570.0,18890.0,17370.0,18760.0,1834801.26075573,33399262518.453613
2022-01-06 08:00:00,18770.0,20010.0,18550.0,18970.0,2022135.36459002,38844377005.099365
2022-01-06 09:00:00,18970.0,19710.0,18840.0,19630.0,1205344.87805423,23214585660.272705
2022-01-06 10:00:00,19620.0,19630.0,18250.0,18690.0,1193322.41442663,22588578597.5041
2022-01-06 11:00:00,18690.0,18870.0,18260.0,18520.0,727706.07005592,13515856413.617075
2022-01-06 12:00:00,18520.0,18660.0,18340.0,18360.0,423611.07519904,7822127686.122087
2022-01-06 13:00:00,18360.0,18620.0,18100.0,18550.0,701887.07768798,12882870660.325836
2022-01-06 14:00:00,18550.0,19280.0,18420.0,19050.0,1280748.5615315,24322283166.501118
2022-01-06 15:00:00,19060.0,19260.0,18810.0,18980.0,677510.17557688,12927409198.272167
2022-01-06 16:00:00,18970.0,19150.0,18900.0,19070.0,356015.25134022,6774779491.383652
2022-01-06 17:00:00,19070.0,19110.0,18720.0,18910.0,370752.69111856,7015525074.914012
2022-01-06 18:00:00,18910.0,18930.0,18470.0,18760.0,516271.93781328,9658465449.442339
2022-01-06 19:00:00,18770.0,19500.0,18720.0,19390.0,1295484.0809518,24843999364.21942
2022-01-06 20:00:00,19410.0,19640.0,19090.0,19380.0,1075911.5746349,20927431892.283657
2022-01-06 21:00:00,19380.0,19500.0,19080.0,19490.0,630579.16531831,12149578830.42119
2022-01-06 22:00:00,19500.0,19940.0,19460.0,19680.0,1598668.87446648,31553993047.920795
2022-01-06 23:00:00,19680.0,19700.0,19320.0,19470.0,824992.09912915,16099395961.54453
2022-01-07 00:00:00,19450.0,19520.0,19000.0,19120.0,493158.49239848,9470215862.63582
2022-01-07 01:00:00,19120.0,19390.0,18890.0,19230.0,363388.4693526,6954453097.264713
2022-01-07 02:00:00,19230.0,19490.0,19160.0,19330.0,105932.51650167,2044713036.9392092
2022-01-07 03:00:00,19330.0,19860.0,19310.0,19730.0,210687.5062718,4142757373.322308
2022-01-07 04:00:00,19730.0,20030.0,19570.0,19880.0,232569.58863125,4627551123.339399
2022-01-07 05:00:00,19880.0,19950.0,19340.0,19570.0,236480.3063262,4623075977.008295
2022-01-07 06:00:00,19570.0,19620.0,19210.0,19400.0,163184.69193999,3164855452.4541016
2022-01-07 07:00:00,19420.0,19750.0,19410.0,19750.0,209084.55500458,4096124563.81508
2022-01-07 08:00:00,19740.0,19890.0,19580.0,19690.0,382633.59828893,7546702440.662489
2022-01-07 09:00:00,19690.0,19810.0,19070.0,19080.0,749777.86787328,14554236972.264551
2022-01-07 10:00:00,19080.0,19260.0,19010.0,19140.0,336002.82389839,6432427434.31086
2022-01-07 11:00:00,19120.0,19190.0,18810.0,18840.0,271864.76407329,5172650287.821742
2022-01-07 12:00:00,18840.0,19060.0,18200.0,18250.0,1075993.86729273,19969236552.791912
2022-01-07 13:00:00,18270.0,18640.0,17810.0,18540.0,1530955.69136704,27888401410.799446
2022-01-07 14:00:00,18540.0,19000.0,18360.0,18680.0,656839.86587281,12298063539.358843
2022-01-07 15:00:00,18670.0,18690.0,18280.0,18480.0,353154.82771787,6511632052.162726
2022-01-07 16:00:00,18480.0,18830.0,18220.0,18820.0,411014.89753703,7633146305.70233
2022-01-07 17:00:00,18820.0,19330.0,18680.0,18950.0,741838.202447,14129528047.011395
2022-01-07 18:00:00,18950.0,19250.0,18950.0,19130.0,370135.79623984,7087741959.873221
2022-01-07 19:00:00,19100.0,19200.0,18850.0,18890.0,348497.896604,6628023437.641405
2022-01-07 20:00:00,18900.0,19110.0,18750.0,18820.0,311007.47800661,5889362846.418338
2022-01-07 21:00:00,18850.0,19220.0,18850.0,19060.0,369601.50629524,7057509302.05932
2022-01-07 22:00:00,19040.0,19310.0,18350.0,18710.0,824316.86516014,15534582709.062294
2022-01-07 23:00:00,18710.0,19030.0,18630.0,18850.0,435970.64849312,8219292457.450587
2022-01-08 00:00:00,18850.0,18880.0,18230.0,18550.0,480795.72962038,8921223688.110401
2022-01-08 01:00:00,18560.0,19160.0,18370.0,19120.0,438851.87033963,8234616221.549396
2022-01-08 02:00:00,19090.0,19830.0,18970.0,19760.0,1106029.48393542,21558097311.68195
2022-01-08 03:00:00,19760.0,19760.0,18920.0,18970.0,327756.86833187,6333611273.559821
2022-01-08 04:00:00,18970.0,19170.0,18730.0,19030.0,199633.82822617,3776814383.7895107
2022-01-08 05:00:00,19030.0,19260.0,18850.0,19140.0,136300.38236999,2599108019.6764083
2022-01-08 06:00:00,19140.0,19320.0,19020.0,19080.0,99903.81501312,1916818479.198678
2022-01-08 07:00:00,19050.0,19060.0,18420.0,18540.0,242127.92061144,4527569693.98304
2022-01-08 08:00:00,18540.0,18800.0,18470.0,18650.0,226896.24929757,4220236044.059652
2022-01-08 09:00:00,18640.0,19170.0,18410.0,19060.0,432585.95834868,8114780829.152101
2022-01-08 10:00:00,19060.0,19170.0,18860.0,18890.0,302623.35034971,5748499503.67575
2022-01-08 11:00:00,18890.0,18950.0,18610.0,18890.0,260585.56399355,4889364073.102068
2022-01-08 12:00:00,18890.0,18900.0,18640.0,18840.0,150226.12046016,2823246178.4715176
2022-01-08 13:00:00,18850.0,19070.0,18840.0,19010.0,175686.22828466,3335461619.643184
2022-01-08 14:00:00,19000.0,19050.0,18850.0,18980.0,116813.66646171,2212900840.7610188
2022-01-08 15:00:00,18980.0,18990.0,18780.0,18880.0,100182.23521815,1890204863.6245828
2022-01-08 16:00:00,18870.0,18920.0,18790.0,18870.0,86713.46401727,1634370957.5182922
2022-01-08 17:00:00,18860.0,19060.0,18840.0,18990.0,208227.39619457,3951540491.1820717
2022-01-08 18:00:00,18990.0,19110.0,18950.0,19100.0,137488.90318252,2617498896.943338
2022-01-08 19:00:00,19100.0,19160.0,18840.0,18870.0,172301.41714231,3267660832.7395473
2022-01-08 20:00:00,18880.0,18880.0,18600.0,18750.0,240053.71503132,4498697679.297512
2022-01-08 21:00:00,18750.0,18860.0,18540.0,18640.0,216163.41321008,4037039560.445353
2022-01-08 22:00:00,18650.0,18670.0,18420.0,18450.0,296323.5293213,5492959638.16097
2022-01-08 23:00:00,18450.0,18530.0,17970.0,18040.0,605528.95884485,11023039278.866905
2022-01-09 00:00:00,18050.0,18090.0,17660.0,17840.0,788301.15412169,14088785418.628819
2022-01-09 01:00:00,17840.0,17940.0,17460.0,17520.0,513798.56951614,9057902987.363571
2022-01-09 02:00:00,17520.0,17630.0,16970.0,16990.0,652943.57016232,11278190498.06403
2022-01-09 03:00:00,16990.0,17690.0,16800.0,16970.0,1056739.54246542,18169246583.584366
2022-01-09 04:00:00,16970.0,17240.0,16860.0,17070.0,381407.29234007,6514318663.822917
2022-01-09 05:00:00,17070.0,17430.0,17000.0,17200.0,248848.13303677,4270904608.2387376
2022-01-09 06:00:00,17210.0,17740.0,17180.0,17450.0,273237.06078174,4784700525.121148
2022-01-09 07:00:00,17460.0,17930.0,17440.0,17660.0,360722.77144338,6390458414.041468
2022-01-09 08:00:00,17660.0,17660.0,17300.0,17370.0,340387.01026585,5939832650.760113
2022-01-09 09:00:00,17330.0,17510.0,17010.0,17450.0,618502.23593818,10656097933.827072
2022-01-09 10:00:00,17440.0,17470.0,17000.0,17170.0,430146.02032486,7384656370.533825
2022-01-09 11:00:00,17170.0,17420.0,17170.0,17250.0,332853.93079831,5765413065.327554
2022-01-09 12:00:00,17250.0,17250.0,16980.0,17030.0,366387.28097987,6260288919.564678
2022-01-09 13:00:00,17030.0,17230.0,17010.0,17190.0,254293.46229975,4363048695.56992
2022-01-09 14:00:00,17190.0,17200.0,16910.0,16940.0,383432.91749105,6529072994.889692
2022-01-09 15:00:00,16930.0,16940.0,16560.0,16830.0,912645.64445374,15284441434.060287
2022-01-09 16:00:00,16840.0,17070.0,16790.0,16860.0,383785.62130912,6492090486.383885
2022-01-09 17:00:00,16850.0,16990.0,16660.0,16670.0,327679.70861944,5504611983.326163
2022-01-09 18:00:00,16670.0,16820.0,16350.0,16410.0,611309.98026654,10110965753.259148
2022-01-09 19:00:00,16410.0,16660.0,16310.0,16560.0,445145.06993272,7334803854.270576
2022-01-09 20:00:00,16560.0,16860.0,16560.0,16720.0,356773.93274961,5969053470.412275
2022-01-09 21:00:00,16720.0,16790.0,16560.0,16640.0,242870.60639366,4049775877.5109806
2022-01-09 22:00:00,16630.0,16710.0,16440.0,16440.0,287342.01225891,4762508028.444815
2022-01-09 23:00:00,16440.0,16730.0,16430.0,16590.0,181665.15331719,3010793898.673275
2022-01-10 00:00:00,16590.0,16630.0,16370.0,16480.0,240001.86235933,3953641138.467023
2022-01-10 01:00:00,16480.0,16960.0,16440.0,16960.0,264401.67668074,4426927180.743366
2022-01-10 02:00:00,16960.0,17200.0,16900.0,17170.0,320218.37485087,5455613525.088018
2022-01-10 03:00:00,17150.0,17150.0,16730.0,16790.0,153102.89959927,2600181449.9951515
2022-01-10 04:00:00,16790.0,17450.0,16750.0,17370.0,240630.90481798,4152205992.6729035
2022-01-10 05:00:00,17400.0,17590.0,17030.0,17100.0,297156.16526681,5135542235.01303
2022-01-10 06:00:00,17100.0,17240.0,16890.0,16980.0,199745.89513758,3406053167.1275034
2022-01-10 07:00:00,16980.0,17040.0,16850.0,16960.0,169916.66629375,2882624007.36668
2022-01-10 08:00:00,16960.0,17030.0,16690.0,16710.0,301737.00890742,5068606766.55301
2022-01-10 09:00:00,16710.0,16790.0,16470.0,16470.0,550868.57587406,9150448687.89066
2022-01-10 10:00:00,16470.0,16620.0,16450.0,16480.0,263615.46425248,4355025907.223625
2022-01-10 11:00:00,16480.0,16600.0,16350.0,16520.0,296281.8905749,4875180885.349389
2022-01-10 12:00:00,16500.0,16760.0,16410.0,16670.0,212706.03611151,3522845313.766666
2022-01-10 13:00:00,16670.0,17100.0,16580.0,17050.0,482309.36238257,8151789078.076767
2022-01-10 14:00:00,17050.0,17170.0,16870.0,17040.0,417502.31899117,7106059497.711513
2022-01-10 15:00:00,17040.0,17070.0,16860.0,16990.0,263652.64532888,4474980715.051285
2022-01-10 16:00:00,17000.0,17550.0,16990.0,17430.0,845080.22463142,14656178196.654629
2022-01-10 17:00:00,17420.0,18090.0,17160.0,17900.0,1719812.26888027,30474675397.1322
2022-01-10 18:00:00,17910.0,17930.0,17550.0,17690.0,951084.55588457,16873118564.504633
2022-01-10 19:00:00,17690.0,17810.0,17450.0,17670.0,508450.37973929,8972655539.063068
2022-01-10 20:00:00,17670.0,17740.0,17270.0,17340.0,657652.72405564,11539923587.03787
2022-01-10 21:00:00,17340.0,17440.0,16850.0,16980.0,1288086.61518489,22056451398.827026
2022-01-10 22:00:00,16990.0,17530.0,16930.0,17330.0,1329707.99474966,22948808007.14255
2022-01-10 23:00:00,17340.0,18350.0,16900.0,17910.0,4289251.16699285,75818681418.42787
2022-01-11 00:00:00,17940.0,18450.0,17600.0,18120.0,3411593.74000341,61568243188.56673
2022-01-11 01:00:00,18100.0,18670.0,17960.0,18510.0,1633047.23815206,30015207142.076653
2022-01-11 02:00:00,18510.0,18590.0,17760.0,18170.0,920372.78825097,16662929418.204031
2022-01-11 03:00:00,18170.0,18340.0,18020.0,18270.0,215469.01354248,3920111039.825948
2022-01-11 04:00:00,18240.0,18500.0,18020.0,18060.0,203789.60610055,3726082913.2137237
2022-01-11 05:00:00,18070.0,18470.0,18070.0,18420.0,150658.25110203,2751946303.1467686
2022-01-11 06:00:00,18430.0,18610.0,18340.0,18410.0,329657.74978995,6102698420.503729
2022-01-11 07:00:00,18410.0,18700.0,18270.0,18390.0,401677.9792139,7418304693.373697
2022-01-11 08:00:00,18390.0,19030.0,18350.0,18960.0,841971.26913468,15822938895.482466
2022-01-11 09:00:00,18950.0,19320.0,18660.0,19150.0,2110280.9325061,40123758953.43568
2022-01-11 10:00:00,19130.0,19700.0,19110.0,19600.0,1141987.76400177,22152104282.020397
2022-01-11 11:00:00,19600.0,20450.0,19590.0,19980.0,2094348.53420778,41934311132.24136
2022-01-11 12:00:00,19980.0,20270.0,19740.0,19960.0,1021067.18870657,20417127288.84741
2022-01-11 13:00:00,19960.0,20050.0,19560.0,19760.0,778666.72260694,15379576197.580807
2022-01-11 14:00:00,19760.0,19970.0,19570.0,19900.0,576220.89391134,11384368151.185942
2022-01-11 15:00:00,19900.0,19950.0,19440.0,19680.0,1023592.12573421,20108656613.39679
2022-01-11 16:00:00,19690.0,19990.0,19560.0,19980.0,564520.76474057,11162546671.383228
2022-01-11 17:00:00,19980.0,20100.0,19560.0,19630.0,593791.2359051,11788672480.817265
2022-01-11 18:00:00,19630.0,19890.0,19600.0,19760.0,336863.74997317,6653297620.372138
2022-01-11 19:00:00,19780.0,19910.0,19230.0,19340.0,626163.06348686,12214985020.019424
2022-01-11 20:00:00,19340.0,19740.0,19300.0,19550.0,482832.55052334,9447835355.907951
2022-01-11 21:00:00,19550.0,20660.0,19490.0,20190.0,2058990.98282687,41639517871.87742
2022-01-11 22:00:00,20180.0,20350.0,19920.0,20170.0,621457.31895389,12490781105.082088
2022-01-11 23:00:00,20170.0,20230.0,19710.0,19980.0,524243.42390978,10459844140.771507
2022-01-12 00:00:00,19980.0,20140.0,19710.0,19920.0,369162.37298049,7347140862.172672
2022-01-12 01:00:00,19920.0,21070.0,19840.0,20800.0,1062746.99050007,21879765847.898846
2022-01-12 02:00:00,20800.0,21790.0,20770.0,21470.0,1556590.33366913,33248425536.90544
2022-01-12 03:00:00,21480.0,21730.0,21220.0,21660.0,376515.84482451,8064797222.689093
2022-01-12 04:00:00,21660.0,22130.0,21360.0,21750.0,544703.94275617,11849353092.05509
2022-01-12 05:00:00,21750.0,22070.0,21650.0,21780.0,369466.29984708,8072872459.249677
2022-01-12 06:00:00,21780.0,22200.0,21690.0,21940.0,424784.51133043,9333326906.085896
2022-01-12 07:00:00,21940.0,22170.0,21670.0,22170.0,481085.12421797,10542139454.459747
2022-01-12 08:00:00,22160.0,22650.0,21950.0,22100.0,971412.36337635,21573215946.231472
2022-01-12 09:00:00,22100.0,22510.0,21580.0,21800.0,1935608.50664154,42718668354.167915
2022-01-12 10:00:00,21800.0,22240.0,21740.0,21870.0,628803.49718113,13842961662.079914
2022-01-12 11:00:00,21870.0,22020.0,21580.0,21850.0,537501.7965611,11711423770.349867
2022-01-12 12:00:00,21850.0,22050.0,21700.0,21940.0,313091.88901194,6856112143.917765
2022-01-12 13:00:00,21940.0,22260.0,21800.0,22160.0,529311.36698493,11693230610.627575
2022-01-12 14:00:00,22190.0,23000.0,22080.0,22770.0,1147235.88460031,26003855499.100758
2022-01-12 15:00:00,22760.0,22920.0,22500.0,22630.0,737041.38906404,16728891304.47949
2022-01-12 16:00:00,22630.0,22650.0,22010.0,22150.0,988491.16841312,21996824318.772217
2022-01-12 17:00:00,22150.0,22390.0,21940.0,22260.0,493400.44030408,10938720983.119333
2022-01-12 18:00:00,22270.0,22280.0,21770.0,21910.0,509899.02386262,11203037118.414724
2022-01-12 19:00:00,21910.0,22340.0,21890.0,22210.0,408653.41648097,9035241962.476782
2022-01-12 20:00:00,22220.0,22620.0,22160.0,22350.0,578533.8001936,12936385895.10599
2022-01-12 21:00:00,22340.0,22350.0,21850.0,22010.0,724149.70926115,15973855479.70827
2022-01-12 22:00:00,22010.0,22460.0,21840.0,22320.0,864831.91018939,19158727007.39735
2022-01-12 23:00:00,22330.0,22340.0,21930.0,22020.0,552820.70840759,12210239793.338198
2022-01-13 00:00:00,22010.0,22090.0,21450.0,21560.0,633583.60688053,13789731395.549646
2022-01-13 01:00:00,21560.0,21590.0,21230.0,21580.0,426537.42702144,9129082164.858149
2022-01-13 02:00:00,21580.0,21730.0,21390.0,21690.0,111946.25926906,2414930810.766832
2022-01-13 03:00:00,21700.0,21750.0,21600.0,21610.0,75832.89627909,1643742352.189384
2022-01-13 04:00:00,21630.0,22070.0,21500.0,21830.0,118215.09251415,2585306483.15136
2022-01-13 05:00:00,21870.0,22070.0,21340.0,21660.0,151002.66468989,3267640421.812188
2022-01-13 06:00:00,21660.0,21810.0,21430.0,21460.0,209868.5170328,4537480994.122554
2022-01-13 07:00:00,21460.0,21610.0,21330.0,21400.0,192962.37312095,4145271564.921437
2022-01-13 08:00:00,21390.0,21490.0,21230.0,21370.0,302191.74302792,6453316931.425229
2022-01-13 09:00:00,21370.0,21390.0,20930.0,21060.0,691294.83925161,14615654476.146349
2022-01-13 10:00:00,21060.0,21220.0,20880.0,20970.0,349462.33846744,7346772463.307978
2022-01-13 11:00:00,20970.0,21170.0,20900.0,21070.0,163765.45481476,3445050426.8815575
2022-01-13 12:00:00,21070.0,21620.0,21020.0,21540.0,554550.3528353,11862581266.738977
2022-01-13 13:00:00,21550.0,21640.0,21260.0,21420.0,390630.80267729,8392462601.3469515
2022-01-13 14:00:00,21420.0,21890.0,21270.0,21740.0,352121.98066613,7596471105.708781
2022-01-13 15:00:00,21720.0,21750.0,21370.0,21380.0,306984.78526633,6616832025.784174
2022-01-13 16:00:00,21390.0,21620.0,21300.0,21530.0,366027.06725344,7846925448.279392
2022-01-13 17:00:00,21530.0,22320.0,21450.0,22060.0,778376.66114967,17129322827.283092
2022-01-13 18:00:00,22050.0,22290.0,21870.0,22060.0,498842.82993666,11018150518.938381
2022-01-13 19:00:00,22060.0,22470.0,22010.0,22190.0,566954.77154596,12638291860.559076
2022-01-13 20:00:00,22190.0,22850.0,22040.0,22710.0,1195855.53210459,26971481657.465885
2022-01-13 21:00:00,22710.0,22760.0,22230.0,22280.0,557087.05113041,12524396887.947664
2022-01-13 22:00:00,22280.0,23170.0,22050.0,22970.0,700250.65451496,15769380565.301035
2022-01-13 23:00:00,22970.0,24600.0,22940.0,23800.0,4566774.45989022,109192369296.96364
2022-01-14 00:00:00,23800.0,24720.0,23470.0,24000.0,2860871.58478725,68767547305.16168
2022-01-14 01:00:00,24000.0,24300.0,23720.0,23810.0,717920.44567702,17225983409.778862
2022-01-14 02:00:00,23790.0,24190.0,23730.0,24000.0,330317.40160133,7912155559.890244
2022-01-14 03:00:00,24000.0,24120.0,23790.0,23940.0,154801.92616726,3710471718.7942557
2022-01-14 04:00:00,23940.0,24390.0,23850.0,24360.0,224472.54957809,5430505907.544807
2022-01-14 05:00:00,24360.0,24590.0,23810.0,24040.0,292169.57375556,7079501262.673831
2022-01-14 06:00:00,24040.0,24290.0,23920.0,24160.0,186401.56083546,4491518579.061292
2022-01-14 07:00:00,24150.0,24390.0,23600.0,23970.0,481803.22539252,11540579683.257006
2022-01-14 08:00:00,23970.0,24210.0,23710.0,24140.0,554350.90940922,13300877055.923796
2022-01-14 09:00:00,24120.0,25380.0,23870.0,25190.0,2796158.65142763,69486383223.80124
2022-01-14 10:00:00,25190.0,25290.0,24820.0,25000.0,582316.26168788,14552981957.145826
2022-01-14 11:00:00,25010.0,25130.0,23460.0,23660.0,1386755.76239821,33326785566.91335
2022-01-14 12:00:00,23660.0,23740.0,23160.0,23410.0,749847.44341847,17561148300.18211
2022-01-14 13:00:00,23400.0,23510.0,22890.0,22890.0,740591.02977632,17132420390.104727
2022-01-14 14:00:00,22890.0,23300.0,22790.0,23210.0,576874.89319398,13253265063.557383
2022-01-14 15:00:00,23200.0,23290.0,22960.0,22980.0,329033.77622952,7602288713.562413
2022-01-14 16:00:00,22980.0,23270.0,22900.0,23120.0,351960.3675478,8119783304.444545
2022-01-14 17:00:00,23100.0,23120.0,22700.0,23040.0,495766.22780766,11342783460.97958
2022-01-14 18:00:00,23030.0,23390.0,22930.0,23310.0,361903.08366632,8398324089.446566
2022-01-14 19:00:00,23310.0,23700.0,22730.0,22850.0,785925.65122594,18265404007.198246
2022-01-14 20:00:00,22860.0,23240.0,22640.0,23150.0,709066.75673419,16280805533.986557
2022-01-14 21:00:00,23140.0,23310.0,22830.0,22850.0,405925.28792169,9361969868.58845
2022-01-14 22:00:00,22850.0,23030.0,22720.0,22860.0,252710.53871347,5783223761.151016
2022-01-14 23:00:00,22850.0,23330.0,22790.0,23160.0,356121.87386554,8206747847.962099
2022-01-15 00:00:00,23170.0,24500.0,23070.0,24390.0,1728382.84075642,41408834084.82155
2022-01-15 01:00:00,24390.0,24510.0,23920.0,24400.0,874107.47128545,21177070770.093
2022-01-15 02:00:00,24380.0,24460.0,23890.0,23960.0,309701.63066696,7488596784.451149
2022-01-15 03:00:00,23970.0,24310.0,23930.0,24290.0,213003.88395837,5141248201.870798
2022-01-15 04:00:00,24280.0,24380.0,24050.0,24050.0,111654.60353139,2700539566.4214606
2022-01-15 05:00:00,24060.0,24070.0,23700.0,23770.0,150563.97812132,3592233532.3503866
2022-01-15 06:00:00,23770.0,24320.0,23750.0,24280.0,149677.22763544,3596425140.5285964
2022-01-15 07:00:00,24270.0,24700.0,24190.0,24350.0,411090.59674615,10067648057.173103
2022-01-15 08:00:00,24350.0,24980.0,24000.0,24490.0,666877.87763666,16330380574.860674
2022-01-15 09:00:00,24490.0,24660.0,23930.0,24270.0,679236.10355716,16452963367.144875
2022-01-15 10:00:00,24270.0,24360.0,23840.0,23980.0,304936.01217903,7329238164.437833
2022-01-15 11:00:00,23960.0,24150.0,23880.0,24040.0,199413.52946696,4786252452.692382
2022-01-15 12:00:00,24040.0,24110.0,23890.0,23900.0,152236.98755543,3655779750.184921
2022-01-15 13:00:00,23900.0,23930.0,23530.0,23630.0,405334.96689259,9606524165.159239
2022-01-15 14:00:00,23640.0,23780.0,23520.0,23650.0,238058.32599414,5634846397.7739105
2022-01-15 15:00:00,23650.0,23760.0,23590.0,23730.0,143646.39245804,3401498559.429201
2022-01-15 16:00:00,23740.0,23760.0,23270.0,23660.0,530452.98945814,12466879422.590118
2022-01-15 17:00:00,23640.0,23650.0,23430.0,23430.0,199310.57092707,4689749283.530704
2022-01-15 18:00:00,23430.0,23580.0,23410.0,23570.0,137963.65422735,3241936963.0708933
2022-01-15 19:00:00,23570.0,23800.0,23500.0,23730.0,192231.94380018,4551853770.805576
2022-01-15 20:00:00,23700.0,23740.0,23450.0,23500.0,198568.16233316,4677656208.902492
2022-01-15 21:00:00,23490.0,23550.0,23210.0,23440.0,367486.89954125,8601739902.11148
2022-01-15 22:00:00,23440.0,23600.0,23390.0,23490.0,214045.60658946,5028855996.213089
2022-01-15 23:00:00,23460.0,23640.0,23380.0,23580.0,148614.24841763,3491548949.347977
2022-01-16 00:00:00,23590.0,24130.0,23440.0,24070.0,534756.0597056,12765427358.88507
2022-01-16 01:00:00,24070.0,24080.0,23700.0,23860.0,302210.26694659,7221375099.407341
2022-01-16 02:00:00,23850.0,23940.0,23660.0,23670.0,69608.11011928,1654607643.6143744
2022-01-16 03:00:00,23670.0,23750.0,23490.0,23560.0,95202.36651733,2244383345.318933
2022-01-16 04:00:00,23560.0,23680.0,23460.0,23670.0,56856.80703751,1338525102.6367803
2022-01-16 05:00:00,23670.0,23680.0,23570.0,23570.0,69514.75115723,1641025203.0828178
2022-01-16 06:00:00,23570.0,23570.0,23350.0,23490.0,125733.48946183,2947311162.734676
2022-01-16 07:00:00,23500.0,23550.0,23380.0,23450.0,82618.31743512,1936948181.5165148
2022-01-16 08:00:00,23450.0,23660.0,23380.0,23410.0,195043.49488994,4581481024.063419
2022-01-16 09:00:00,23420.0,23950.0,23410.0,23630.0,944099.44627082,22368169486.746754
2022-01-16 10:00:00,23630.0,23750.0,23320.0,23340.0,366462.60699231,8620265933.293835
2022-01-16 11:00:00,23330.0,23340.0,22860.0,22950.0,665323.76604539,15357795804.728338
2022-01-16 12:00:00,22950.0,23150.0,22860.0,23080.0,265750.22109852,6105252106.825056
2022-01-16 13:00:00,23070.0,23210.0,22850.0,23200.0,353780.71467016,8122955023.303236
2022-01-16 14:00:00,23200.0,23350.0,23070.0,23080.0,267451.86394929,6210190042.096119
2022-01-16 15:00:00,23090.0,23260.0,23030.0,23180.0,106985.28768923,2476664497.2382083
2022-01-16 16:00:00,23180.0,23560.0,23160.0,23540.0,253938.60451428,5940614571.933238
2022-01-16 17:00:00,23530.0,24000.0,23500.0,23760.0,979199.78781262,23308849741.687893
2022-01-16 18:00:00,23760.0,23950.0,23560.0,23680.0,414056.43217187,9841388695.991936
2022-01-16 19:00:00,23680.0,23780.0,23530.0,23650.0,257575.74204318,6092338780.391413
2022-01-16 20:00:00,23650.0,24370.0,23420.0,24250.0,1007685.71151602,24200665733.184586
2022-01-16 21:00:00,24250.0,24520.0,24050.0,24230.0,835232.22412769,20290948397.73641
2022-01-16 22:00:00,24230.0,24390.0,23840.0,24210.0,706981.82558127,17058927519.760504
2022-01-16 23:00:00,24200.0,24610.0,24030.0,24390.0,621862.493039,15140482432.297106
2022-01-17 00:00:00,24400.0,24500.0,24240.0,24310.0,292447.65942587,7123850187.810684
2022-01-17 01:00:00,24310.0,24350.0,24070.0,24110.0,183263.15823242,4430814131.104943
2022-01-17 02:00:00,24110.0,24170.0,23880.0,24040.0,114904.61699295,2759193320.884005
2022-01-17 03:00:00,24040.0,24240.0,24010.0,24140.0,70140.12521784,1692508275.2952423
2022-01-17 04:00:00,24150.0,24360.0,24100.0,24330.0,67307.56876977,1631786295.858285
2022-01-17 05:00:00,24330.0,24570.0,24210.0,24410.0,153491.31035363,3753513170.954919
2022-01-17 06:00:00,24450.0,24710.0,24320.0,24610.0,129085.60615098,3157629598.2787924
2022-01-17 07:00:00,24590.0,24800.0,24300.0,24360.0,368673.71819614,9070566886.750242
2022-01-17 08:00:00,24360.0,24470.0,24130.0,24370.0,316495.19060333,7685662739.286337
2022-01-17 09:00:00,24360.0,24450.0,24000.0,24020.0,572307.1896696,13825200652.403551
2022-01-17 10:00:00,24030.0,24130.0,23820.0,23910.0,315344.45830918,7559395490.064617
2022-01-17 11:00:00,23930.0,23930.0,23590.0,23790.0,335019.55649533,7952868003.362313
2022-01-17 12:00:00,23810.0,23940.0,23450.0,23450.0,396927.05645788,9396914312.175459
2022-01-17 13:00:00,23470.0,23610.0,23410.0,23490.0,227375.33355387,5345425172.097493
2022-01-17 14:00:00,23490.0,23710.0,23280.0,23690.0,311664.55383384,7313250974.149138
2022-01-17 15:00:00,23680.0,23930.0,23660.0,23730.0,334656.17086854,7959717846.318732
2022-01-17 16:00:00,23730.0,23870.0,23540.0,23560.0,144807.8483981,3433538488.804035
2022-01-17 17:00:00,23580.0,23850.0,23520.0,23680.0,168018.60797491,3979672779.5674906
2022-01-17 18:00:00,23680.0,23700.0,23360.0,23450.0,207499.91257758,4876566598.12984
2022-01-17 19:00:00,23440.0,23490.0,23300.0,23450.0,195172.41909383,4562257971.516588
2022-01-17 20:00:00,23450.0,23550.0,23320.0,23470.0,193491.67092447,4534588927.965315
2022-01-17 21:00:00,23470.0,23660.0,23310.0,23430.0,271838.39281725,6381248463.881909
2022-01-17 22:00:00,23430.0,23530.0,23310.0,23360.0,130181.21080727,3045470352.9270735
2022-01-17 23:00:00,23360.0,23440.0,23060.0,23090.0,250036.24264291,5804406319.96832
2022-01-18 00:00:00,23080.0,23200.0,22960.0,23040.0,228545.6295682,5268762135.252979
2022-01-18 01:00:00,23040.0,23110.0,22510.0,22660.0,451146.91694977,10256319073.773735
2022-01-18 02:00:00,22660.0,22680.0,22100.0,22480.0,424866.53100654,9509910433.45061
2022-01-18 03:00:00,22470.0,22500.0,22150.0,22300.0,270775.3076666,6030077817.856118
2022-01-18 04:00:00,22300.0,22350.0,22040.0,22100.0,162962.00965517,3612615026.8711543
2022-01-18 05:00:00,22100.0,22400.0,22010.0,22360.0,175523.22578561,3885612869.769086
2022-01-18 06:00:00,22360.0,22580.0,21820.0,22150.0,355479.75191922,7870673425.102565
2022-01-18 07:00:00,22180.0,22740.0,21980.0,22420.0,338875.52588886,7587428352.372763
2022-01-18 08:00:00,22420.0,22710.0,22190.0,22600.0,278885.2027184,6265688143.947157
2022-01-18 09:00:00,22600.0,22700.0,22060.0,22370.0,497965.41014321,11127304869.251078
2022-01-18 10:00:00,22350.0,22450.0,21920.0,22020.0,230025.04100021,5100833346.080684
2022-01-18 11:00:00,22020.0,22100.0,21620.0,21940.0,394685.05854073,8620821827.247597
2022-01-18 12:00:00,21950.0,22060.0,21570.0,21820.0,268712.75573982,5849794457.677954
2022-01-18 13:00:00,21820.0,21980.0,21540.0,21680.0,270317.77051578,5873189941.837442
2022-01-18 14:00:00,21680.0,22430.0,21640.0,22140.0,266747.56767832,5871451482.5941515
2022-01-18 15:00:00,22130.0,22400.0,22120.0,22190.0,257115.00303986,5723037158.664822
2022-01-18 16:00:00,22190.0,22270.0,21700.0,22120.0,236195.36010277,5191463208.124192
2022-01-18 17:00:00,22120.0,22140.0,21780.0,21870.0,192751.8991571,4222509195.3455114
2022-01-18 18:00:00,21870.0,22150.0,21550.0,21990.0,380170.59996111,8307191127.564214
2022-01-18 19:00:00,21990.0,22470.0,21890.0,22150.0,300010.21180258,6654285414.390188
2022-01-18 20:00:00,22150.0,22200.0,21950.0,22190.0,155722.60870762,3432614601.6015024
2022-01-18 21:00:00,22190.0,22330.0,21810.0,21970.0,224041.35190252,4937133086.286013
2022-01-18 22:00:00,21970.0,21980.0,21630.0,21890.0,341471.5777351,7433309695.058791
2022-01-18 23:00:00,21880.0,21920.0,21190.0,21300.0,399670.50073185,8623239408.828646
2022-01-19 00:00:00,21300.0,21560.0,21150.0,21260.0,311284.86363978,6632096964.341377
2022-01-19 01:00:00,21230.0,21480.0,21170.0,21330.0,116591.12867989,2484964699.782042
2022-01-19 02:00:00,21340.0,21420.0,21170.0,21290.0,80922.30789135,1720823343.1463475
2022-01-19 03:00:00,21290.0,21360.0,21160.0,21290.0,67844.15964909,1440959422.344321
2022-01-19 04:00:00,21310.0,21610.0,21230.0,21530.0,34194.17845329,731768285.5145401
2022-01-19 05:00:00,21590.0,21630.0,21200.0,21410.0,62885.16867801,1342291386.3403738
2022-01-19 06:00:00,21440.0,21960.0,21280.0,21900.0,127189.93375559,2767752913.2959056
2022-01-19 07:00:00,21920.0,22140.0,21760.0,22080.0,153877.81718348,3380646496.9608808
2022-01-19 08:00:00,22080.0,22300.0,21770.0,21820.0,182124.87020975,4012286290.362488
2022-01-19 09:00:00,21820.0,22200.0,21540.0,21580.0,383049.68912175,8344792956.457142
2022-01-19 10:00:00,21590.0,21960.0,21550.0,21900.0,161634.59778936,3521247761.8783293
2022-01-19 11:00:00,21900.0,21910.0,21630.0,21770.0,150130.26653343,3269173146.5461226
2022-01-19 12:00:00,21790.0,21790.0,21160.0,21250.0,306054.25206325,6555793059.543661
2022-01-19 13:00:00,21240.0,21580.0,21220.0,21470.0,162129.53776801,3468481033.684032
2022-01-19 14:00:00,21470.0,21630.0,21240.0,21280.0,113057.66726473,2420793330.407541
2022-01-19 15:00:00,21280.0,21330.0,21000.0,21030.0,196469.72809983,4154428824.338774
2022-01-19 16:00:00,21030.0,21090.0,19940.0,20100.0,994459.16445167,20252938814.571487
2022-01-19 17:00:00,20100.0,20410.0,19830.0,20320.0,755962.36490593,15176357246.37844
2022-01-19 18:00:00,20320.0,21020.0,20250.0,20890.0,549659.2469042,11340129437.351711
2022-01-19 19:00:00,20890.0,21040.0,20410.0,20660.0,315536.64457758,6536583182.964244
2022-01-19 20:00:00,20660.0,21050.0,20650.0,20990.0,84754.65842694,1772470031.5791492
